SET SQL_MODE = "NO_AUTO_VALUE_ON_ZERO";
START TRANSACTION;
SET time_zone = "+00:00";

/*!40101 SET @OLD_CHARACTER_SET_CLIENT=@@CHARACTER_SET_CLIENT */;
/*!40101 SET @OLD_CHARACTER_SET_RESULTS=@@CHARACTER_SET_RESULTS */;
/*!40101 SET @OLD_COLLATION_CONNECTION=@@COLLATION_CONNECTION */;
/*!40101 SET NAMES utf8mb4 */;

DROP DATABASE IF EXISTS `musix_db`;
CREATE DATABASE IF NOT EXISTS `musix_db` DEFAULT CHARACTER SET utf8mb4 COLLATE utf8mb4_general_ci;
USE `musix_db`;

CREATE TABLE `album` (
  `Id` varchar(255) NOT NULL,
  `CreationDate` datetime DEFAULT NULL,
  `Name` varchar(255) DEFAULT NULL,
  `Image` varchar(255) DEFAULT NULL
) ENGINE=InnoDB DEFAULT CHARSET=utf8mb4;

INSERT INTO `album` (`Id`, `CreationDate`, `Name`, `Image`) VALUES
('09Q3WwGYsQe5ognkvVkmCu', '2021-12-06 16:58:45', 'When It\'s Dark Out', 'https://i.scdn.co/image/ab67616d0000b27398acfa8c055deedc25e6081d'),
('0EomGnN4zv8AC2Zi7NL1bV', '2021-12-06 18:29:14', 'DRUGS', 'https://i.scdn.co/image/ab67616d0000b2738a72ff5c897ae0b18eb064a8'),
('0fhmJYVhW0e4i33pCLPA5i', '2021-12-06 18:04:40', 'Cole World: The Sideline Story', 'https://i.scdn.co/image/ab67616d0000b27399da48a530f6ca2ef86da3cc'),
('0FSsRH1jeZqKbGcHwq3UO0', '2021-12-15 16:09:38', 'Imagination & the Misfit Kid', 'https://i.scdn.co/image/ab67616d0000b273e4c03429788f0aff263a5fc6'),
('0giyK2LuJ6wcfVN2QXDIlB', '2021-12-08 12:12:18', 'DON\'T SLEEP', 'https://i.scdn.co/image/ab67616d0000b273a1738a26c56f6f754302003c'),
('0h7Rqxud5GknQMMoLHNx80', '2021-12-15 16:09:38', 'Revenge Of The Dreamers II', 'https://i.scdn.co/image/ab67616d0000b27300dba11c081404c7d6913906'),
('0KHIH7UC8WATEByfXGfYaY', '2021-12-06 16:58:45', 'Still Be Friends (feat. Tory Lanez & Tyga)', 'https://i.scdn.co/image/ab67616d0000b2730a70f97365dec77a1a86b785'),
('0N75npNB8Wo93bY41XjHr7', '2021-12-08 12:12:18', 'Icee Pop', 'https://i.scdn.co/image/ab67616d0000b2732a393fd3499f622d56846fa8'),
('0ujHQ5WCLuKJQXOqXpGtpf', '2021-12-08 12:12:18', 'LABRINTH, SIA & DIPLO PRESENT... LSD', 'https://i.scdn.co/image/ab67616d0000b2733f159ae07dd556323f39f47b'),
('0vrKGjXSGcTsxNGxQdXT5p', '2021-12-08 12:12:18', 'AJ Tracey', 'https://i.scdn.co/image/ab67616d0000b273a61a61a007b55afc7d783fe9'),
('0VWYRbEcvJcPrqMGJirO6q', '2021-12-13 14:49:18', '#willpower (Deluxe)', 'https://i.scdn.co/image/ab67616d0000b273642efc0b3f045f34316d2cf3'),
('11Bkx3E99vf0IlYPND61LJ', '2021-12-08 12:12:18', 'Young, Wild & Free (feat. Bruno Mars)', 'https://i.scdn.co/image/ab67616d0000b2738596df2f2646ab9aba464c30'),
('1EkLZjupNkyUjcZ7aon07W', '2021-12-08 12:12:18', 'Destiny\'s Song', 'https://i.scdn.co/image/ab67616d0000b273eb0699e58e5c91b1cd2283ee'),
('1gkLMuAnI8U5z2yhyhhRQk', '2021-12-13 14:49:18', 'Us (Original Motion Picture Soundtrack)', 'https://i.scdn.co/image/ab67616d0000b273a534060dd26f19f37035a29c'),
('1HiN2YXZcc3EjmVZ4WjfBk', '2021-12-08 15:12:05', 'Everybody', 'https://i.scdn.co/image/ab67616d0000b273cfdf40cf325b609a52457805'),
('1oxxysQmylUXuxzSdHlqUc', '2021-12-15 16:09:38', 'Baby Gravy 2', 'https://i.scdn.co/image/ab67616d0000b27315f04c6e3d7c57a5a4348bca'),
('1UsmQ3bpJTyK6ygoOOjG1r', '2021-12-15 16:09:38', 'Speakerboxxx/The Love Below', 'https://i.scdn.co/image/ab67616d0000b2736a6387ab37f64034cdc7b367'),
('1VKFaHoIvkZTzsSRad2jDZ', '2021-12-15 16:09:38', 'Your Heart', 'https://i.scdn.co/image/ab67616d0000b2730ccce58d0ad92da7564800fd'),
('20r762YmB5HeofjMCiPMLv', '2021-12-08 12:12:18', 'My Beautiful Dark Twisted Fantasy', 'https://i.scdn.co/image/ab67616d0000b273d9194aa18fa4c9362b47464f'),
('270o30h7cAlEhBnbuSpFZq', '2021-12-08 12:12:18', 'El Dorado', 'https://i.scdn.co/image/ab67616d0000b27384c53fa832dfa265192419c5'),
('2bw00gRKNKbTFOqCkohbSh', '2021-12-06 18:29:13', 'Silence', 'https://i.scdn.co/image/ab67616d0000b273f33ba583059dc2f7d08bf2b8'),
('2dMzgk1yVFlOeOgZ0fC7Nt', '2021-12-15 16:09:38', 'Biggy', 'https://i.scdn.co/image/ab67616d0000b273a4fa160f5b540ce865f6c86d'),
('2DXRWlFTI8l2YvBD4iFUK8', '2021-12-08 12:12:18', 'Poke It Out (feat. J. Cole)', 'https://i.scdn.co/image/ab67616d0000b2738eafaeccd2cea429586798ea'),
('2Ek1q2haOnxVqhvVKqMvJe', '2021-12-13 14:49:18', 'ye', 'https://i.scdn.co/image/ab67616d0000b2730cd942c1a864afa4e92d04f2'),
('2n3quCZ0anEa46j2IveacI', '2021-12-15 16:09:38', 'Revenge Of The Dreamers III', 'https://i.scdn.co/image/ab67616d0000b273c0ae820e3b64854de4642101'),
('2QgPGKzoN51qcEzGlHYk7j', '2021-12-15 16:09:38', 'Seize the Power', 'https://i.scdn.co/image/ab67616d0000b27338debe8dc40c62d7c593bed2'),
('2qLI9pIjubUQMlpdmid2sE', '2021-12-06 16:58:45', 'An Evening With Silk Sonic', 'https://i.scdn.co/image/ab67616d0000b273bd5010fd3868c08323bf6d41'),
('2Ti79nwTsont5ZHfdxIzAm', '2021-12-08 12:12:18', '?', 'https://i.scdn.co/image/ab67616d0000b273806c160566580d6335d1f16c'),
('39xhYyNNDatQtgKw2KdXMz', '2021-12-08 12:12:18', 'THE GOAT', 'https://i.scdn.co/image/ab67616d0000b273339f780dfdbc38558ea0761d'),
('3CCnGldVQ90c26aFATC1PW', '2021-12-06 18:29:14', '4 Your Eyez Only', 'https://i.scdn.co/image/ab67616d0000b273f4ca75192df162f78a24023e'),
('3cQO7jp5S9qLBoIVtbkSM1', '2021-12-08 12:12:18', 'Blurryface', 'https://i.scdn.co/image/ab67616d0000b273de03bfc2991fd5bcfde65ba3'),
('3erY5XSpTKh0GfNf5FJuT2', '2021-12-08 12:12:18', 'Evolution', 'https://i.scdn.co/image/ab67616d0000b273953123ac7505d0945553732f'),
('3fc97ZWLIMc1xawhxbKrh2', '2021-12-06 16:58:45', 'East Atlanta Love Letter', 'https://i.scdn.co/image/ab67616d0000b273e1530b42603367fdb2208d88'),
('3fi4zQJmsXI2Hw2pl89aTh', '2021-12-13 14:49:18', 'Now and Later', 'https://i.scdn.co/image/ab67616d0000b27382d22e1d83fc1045ad33444a'),
('3GU8BzFEAdFSRjc8jZkL3S', '2021-12-15 16:09:38', 'La La Land (Original Motion Picture Soundtrack)', 'https://i.scdn.co/image/ab67616d0000b2730bdf4dd39843ad48c5b66bc4'),
('3LnC7gpHMt8XCxHO3TXCDp', '2021-12-15 16:09:38', 'Trap Jack 2', 'https://i.scdn.co/image/ab67616d0000b273e06d3c56b9c58b3a8b5402a7'),
('3mhZHDmHvIUAeAYH7MrXBW', '2021-12-06 16:58:45', 'Genesis', 'https://i.scdn.co/image/ab67616d0000b273085d6629aaaf7baa283d5c7d'),
('3OSeqyUWmkngEhQTTkdTSA', '2021-12-06 16:58:45', 'The Mountain Will Fall', 'https://i.scdn.co/image/ab67616d0000b2730b345678ef9735630f459341'),
('3p81zUBFZ3zdzxceXKeVSK', '2021-12-06 18:51:47', 'Magic In The Hamptons (feat. Lil Yachty)', 'https://i.scdn.co/image/ab67616d0000b273013314e9861a2c4a796b2176'),
('3WFTGIO6E3Xh4paEOBY9OU', '2021-12-06 16:58:45', '808s & Heartbreak', 'https://i.scdn.co/image/ab67616d0000b273346d77e155d854735410ed18'),
('3XzSOIE6zGLliuqsVGLmUc', '2021-12-08 12:12:18', 'MIDDLE CHILD', 'https://i.scdn.co/image/ab67616d0000b2737f37a4001ae7d8be430bd91b'),
('3YjfdLdpQcVI72uKhooZst', '2021-12-06 19:00:15', 'F*CK LOVE (SAVAGE)', 'https://i.scdn.co/image/ab67616d0000b273df16d539f508603bfb1efe02'),
('46xdC4Qcvscfs3Ai2RIHcv', '2021-12-06 18:29:14', 'The Search', 'https://i.scdn.co/image/ab67616d0000b273942a0c9ac8f1def7c8805044'),
('48ahZJLcagb8VTgRAuv6WQ', '2021-12-15 16:09:38', 'Ramen & OJ', 'https://i.scdn.co/image/ab67616d0000b2734fd8e64469ff9dd01faf50fe'),
('4eLPsYPBmXABThSJ821sqY', '2021-12-13 14:49:17', 'DAMN.', 'https://i.scdn.co/image/ab67616d0000b2738b52c6b9bc4e43d873869699'),
('4eXvekh89BNV24q87vjzGp', '2021-12-15 16:09:38', 'Are You Ready?', 'https://i.scdn.co/image/ab67616d0000b273f18370f43f2bb5f066a604e5'),
('4gaNWHu5Caj3ItkYZ5i6uh', '2021-12-06 16:58:45', 'In Colour', 'https://i.scdn.co/image/ab67616d0000b2736aa1dfa0a98baa542251df5a'),
('4JAvwK4APPArjIsOdGoJXX', '2021-12-06 17:18:42', 'The Off-Season', 'https://i.scdn.co/image/ab67616d0000b27310e6745bb2f179dd3616b85f'),
('4MZnolldq7ciKKlbVDzLm5', '2021-12-13 14:49:18', 'Meet The Woo 2', 'https://i.scdn.co/image/ab67616d0000b27362a57823eced1cb4fd93b2c1'),
('4otkd9As6YaxxEkIjXPiZ6', '2021-12-15 16:09:38', 'Music To Be Murdered By', 'https://i.scdn.co/image/ab67616d0000b2732f44aec83b20e40f3baef73c'),
('4Qe057XqKloVNhnPohj6Yo', '2021-12-15 16:09:38', 'Pirates of the Caribbean: The Curse of the Black Pearl (Original Motion Picture Soundtrack)', 'https://i.scdn.co/image/ab67616d0000b27338786c7492ac252797bb2648'),
('4WlC4FXhonJhNTXCQPGP3r', '2021-12-06 16:58:45', 'Lalala', 'https://i.scdn.co/image/ab67616d0000b2738a6ccb507dd6a66f7f6e2440'),
('4Wv5UAieM1LDEYVq5WmqDd', '2021-12-06 19:00:15', 'KOD', 'https://i.scdn.co/image/ab67616d0000b273cf0f0affd0138a7442f13706'),
('50yFYgKdwJANZ5O9MIbMkg', '2021-12-15 16:09:38', 'Tha Carter V', 'https://i.scdn.co/image/ab67616d0000b2732cfcc913c36f0e1776f4bb65'),
('571KrRXa9nqtOUJQQOXeIz', '2021-12-15 16:09:38', 'Lesley', 'https://i.scdn.co/image/ab67616d0000b273faff2775e09d367194a2afef'),
('5FP9keIJnlSCKnkdVOf623', '2021-12-06 17:32:27', 'Born Sinner (Deluxe Version)', 'https://i.scdn.co/image/ab67616d0000b273c1bb124f993488cf21b269fc'),
('5g2INX6dnMIJG0xKygXwF3', '2021-12-13 14:49:18', 'Thats What They All Say', 'https://i.scdn.co/image/ab67616d0000b273aeb14ead136118a987246b63'),
('5IHJygOAlKSo0ESGxsEhgB', '2021-12-15 16:09:38', 'Professor X', 'https://i.scdn.co/image/ab67616d0000b273390f440a8eba0a7054cfd350'),
('5ll74bqtkcXlKE7wwkMq4g', '2021-12-08 12:12:18', 'Late Registration', 'https://i.scdn.co/image/ab67616d0000b273428d2255141c2119409a31b2'),
('5MirZPdM7d3AxK2ydiHeuB', '2021-12-15 16:09:38', 'Drew Barrymore EP', 'https://i.scdn.co/image/ab67616d0000b27364d51350615279b9ca2dd597'),
('5rOHrnrRomvSJhQLGVtfJ8', '2021-12-08 12:12:18', 'Suicide Squad: The Album', 'https://i.scdn.co/image/ab67616d0000b273cb4ec52c48a6b071ed2ab6bc'),
('5uR0dqBMYWZFYJT7mvPZ82', '2021-12-06 16:58:45', 'The Lady Killer (Deluxe)', 'https://i.scdn.co/image/ab67616d0000b2731c44d79c994c1a26aa387617'),
('5VdyJkLe3yvOs0l4xXbWp0', '2021-12-15 16:09:38', '17', 'https://i.scdn.co/image/ab67616d0000b273203c89bd4391468eea4cc3f5'),
('5vN3lm8mcpQ9IoQ3Xutrkw', '2021-12-15 16:09:38', 'Cigarettes On Patios', 'https://i.scdn.co/image/ab67616d0000b273d5d77ef5ffd80806d25ab50c'),
('5VSqSiMz865dFXnhhj2fgj', '2021-12-08 15:22:19', 'Can\'t Let You Go (feat. Nick Grant)', 'https://i.scdn.co/image/ab67616d0000b2737b5cdd312cbec887d99ef15d'),
('622NFw5Yk0OReMJ2XWcXUh', '2021-12-06 18:51:47', 'INDUSTRY BABY (feat. Jack Harlow)', 'https://i.scdn.co/image/ab67616d0000b273ba26678947112dff3c3158bf'),
('66OYt73mqan1hWa78BhfPd', '2021-12-06 16:58:45', 'LALISA', 'https://i.scdn.co/image/ab67616d0000b273330f11fb125bb80b760f9e19'),
('6eDx949ONWDCN0O22wFZf7', '2021-12-08 12:12:18', 'SremmLife', 'https://i.scdn.co/image/ab67616d0000b2734ca3fb4517ff722918877460'),
('6Pb7PMZtW0fuEM1lCGvCDu', '2021-12-15 16:09:38', 'The Lost Boy', 'https://i.scdn.co/image/ab67616d0000b273e6d6d392a66a7f9172fe57c8'),
('6pOiDiuDQqrmo5DbG0ZubR', '2021-12-06 18:29:14', 'MONTERO', 'https://i.scdn.co/image/ab67616d0000b273be82673b5f79d9658ec0a9fd'),
('6s84u2TUpR3wdUv4NgKA2j', '2021-12-06 16:58:45', 'SOUR', 'https://i.scdn.co/image/ab67616d0000b273a91c10fe9472d9bd89802e5a'),
('6t7956yu5zYf5A829XRiHC', '2021-12-06 16:58:45', 'The Marshall Mathers LP', 'https://i.scdn.co/image/ab67616d0000b273dbb3dd82da45b7d7f31b1b42'),
('6tkjU4Umpo79wwkgPMV3nZ', '2021-12-15 16:09:38', 'Goodbye & Good Riddance', 'https://i.scdn.co/image/ab67616d0000b273f7db43292a6a99b21b51d5b4'),
('6trNtQUgC8cgbWcqoMYkOR', '2021-12-06 18:29:14', 'beerbongs & bentleys', 'https://i.scdn.co/image/ab67616d0000b273b1c4b76e23414c9f20242268'),
('6VsJamdhvYKcnpwHAKULI0', '2021-12-13 14:49:18', 'Monkey Business', 'https://i.scdn.co/image/ab67616d0000b273c6710b4a52539506c30e5354'),
('704GHNtZhEe9TBgleCNNGv', '2021-12-06 17:29:58', 'Sucker for Pain (with Logic & Ty Dolla $ign feat. X Ambassadors)', 'https://i.scdn.co/image/ab67616d0000b2737d8dfcfd507069d7f2062caf'),
('748dZDqSZy6aPXKcI9H80u', '2021-12-06 19:00:15', 'good kid, m.A.A.d city (Deluxe)', 'https://i.scdn.co/image/ab67616d0000b27378de8b28de36a74afc0348b5'),
('788r22Bhr3IHLTNPy8pZea', '2021-12-08 12:12:18', 'Euphoria (Original Score from the HBO Series)', 'https://i.scdn.co/image/ab67616d0000b27389c39ba1acdf33ed7acd3867'),
('79l9IyqcIEzuZQA5ANHTti', '2021-12-13 14:49:18', 'Troubadour (Edited Version)', 'https://i.scdn.co/image/ab67616d0000b27366ec341c90a69fe51ffc067e'),
('7AaqMMiYMvnMB3RcS8u3EY', '2021-12-06 18:29:13', 'Sweet Action', 'https://i.scdn.co/image/ab67616d0000b27305a448540b069450ccfba889'),
('7D2NdGvBHIavgLhmcwhluK', '2021-12-06 17:10:04', 'Yeezus', 'https://i.scdn.co/image/ab67616d0000b2731dacfbc31cc873d132958af9'),
('7e7t0MCrNDcJZsPwUKjmOc', '2021-12-15 16:09:37', 'Shoot For The Stars Aim For The Moon', 'https://i.scdn.co/image/ab67616d0000b27377ada0863603903f57b34369'),
('7eLwoxxWs6lfkVYJGkGNbk', '2021-12-06 16:58:45', 'Wild Ones', 'https://i.scdn.co/image/ab67616d0000b273871d85943145dde548f4ae09'),
('7Et3bSTLLqdABO1qCxUplS', '2021-12-08 12:12:18', 'Oxymoron (Deluxe)', 'https://i.scdn.co/image/ab67616d0000b27336977e237a8f70ec6c990636'),
('7qtQYJc0H6s3CK4c7Gp8GR', '2021-12-06 16:58:45', 'Party Rock', 'https://i.scdn.co/image/ab67616d0000b2736a0f2bf4749bddc11f4ba8dc'),
('7viNUmZZ8ztn2UB4XB3jIL', '2021-12-15 16:09:38', '2014 Forest Hills Drive', 'https://i.scdn.co/image/ab67616d0000b2736aca031ccc27d2e4dd829d14'),
('7xfcihbsBamUi6sezd0oOG', '2021-12-06 17:12:58', 'Confetti', 'https://i.scdn.co/image/ab67616d0000b27357c38b379fbaa7bfef03934d'),
('7ycBtnsMtyVbbwTfJwRjSP', '2021-12-06 18:04:40', 'To Pimp A Butterfly', 'https://i.scdn.co/image/ab67616d0000b273cdb645498cd3d8a2db4d05e1');

CREATE TABLE `artist` (
  `Id` varchar(255) NOT NULL,
  `CreationDate` datetime DEFAULT NULL,
  `Name` varchar(255) DEFAULT NULL
) ENGINE=InnoDB DEFAULT CHARSET=utf8mb4;

INSERT INTO `artist` (`Id`, `CreationDate`, `Name`) VALUES
('02kJSzxNuaWGqwubyUba0Z', '2021-12-06 16:58:45', 'G-Eazy'),
('03GruNQP8X25PCoWzdvIGZ', '2021-12-15 16:09:38', 'Klaus Badelt'),
('07Asx51VtMw5kbNXKrpZlq', '2021-12-15 16:09:38', 'BabyJake'),
('07d5etnpjriczFBB8pxmRe', '2021-12-08 12:12:18', 'BJ The Chicago Kid'),
('085pc2PYOi8bGKj0PNjekA', '2021-12-13 14:49:18', 'will.i.am'),
('0c173mlxpT3dSFRgMO8XPh', '2021-12-13 14:49:18', 'Big Sean'),
('0cGUm45nv7Z6M6qdXYQGTX', '2021-12-08 12:12:18', 'Kehlani'),
('0du5cEVh5yTK9QJze8zA0C', '2021-12-08 12:12:18', 'Bruno Mars'),
('0eDvMgVFoNV3TpwtrVCoTj', '2021-12-15 16:09:37', 'Pop Smoke'),
('0huGjMyP507tBCARyzSkrv', '2021-12-15 16:09:38', 'Cordae'),
('0jnsk9HBra6NMjO2oANoPY', '2021-12-06 16:58:45', 'Flo Rida'),
('0qpRQJnULShIWFKhcW5pce', '2021-12-15 16:09:38', 'Joey Trap'),
('137W8MRPWKqSmrBGDBFSop', '2021-12-08 12:12:18', 'Wiz Khalifa'),
('15UsOTVnJzReFVN1VCnxy4', '2021-12-15 16:09:38', 'XXXTENTACION'),
('1G9G7WwrXka3Z1r7aIDjI7', '2021-12-15 16:09:38', 'Outkast'),
('1iNqsUDUraNWrj00bqssQG', '2021-12-15 16:09:38', 'Dreamville'),
('1McMsnEElThX1knmY4oliG', '2021-12-06 16:58:45', 'Olivia Rodrigo'),
('1ShZZUjkbXCjhwrb18BA8I', '2021-12-15 16:09:38', 'Bryce Vine'),
('1tG7s7S4sq2eFFW0QZyLbm', '2021-12-08 12:12:18', 'Sheff G'),
('1XlLhtgJjC4ROQZilBZAvw', '2021-12-08 12:12:18', 'Nic D'),
('1yxSLGMDHlW21z4YXirZDS', '2021-12-13 14:49:18', 'Black Eyed Peas'),
('246dkjvS1zLTtiykXe5h60', '2021-12-06 18:29:14', 'Post Malone'),
('28ExwzUQsvgJooOI0X1mr3', '2021-12-06 16:58:45', 'Jay Rock'),
('2EMAnMvWE2eb56ToJVfCWs', '2021-12-06 17:12:58', 'Bryson Tiller'),
('2feDdbD5araYcm6JhFHHw7', '2021-12-15 16:09:38', 'Labrinth'),
('2FT75iYuWmycqYrXbVD9cn', '2021-12-13 14:49:18', 'Michael Marshall'),
('2jku7tDXc6XoB6MO2hFuqg', '2021-12-06 16:58:45', 'Tory Lanez'),
('2kCO8LXN1usaOPL3iEE28I', '2021-12-06 18:29:14', 'Tai Verdes'),
('2LIk90788K0zvyj2JJVwkJ', '2021-12-13 14:49:18', 'Jack Harlow'),
('2PsjBHyb950JI7BHXY10TD', '2021-12-08 12:12:18', 'Cool & Dre'),
('2QOP6zKx1d0gGEtuuXOvJ3', '2021-12-08 15:22:19', 'Nick Grant'),
('2tIP7SsRs7vjIcLrU85W8J', '2021-12-06 19:00:15', 'The Kid LAROI'),
('2wUjUUtkb5lvLKcGKsKqsR', '2021-12-08 15:12:05', 'Alessia Cara'),
('2YOYua8FpudSEiB9s88IgQ', '2021-12-15 16:09:38', 'Yung Gravy'),
('2YZyLoL8N0Wb9xBt1NhZWg', '2021-12-13 14:49:17', 'Kendrick Lamar'),
('33r8rPgsHXfVN1r3adlrWw', '2021-12-15 16:09:38', 'Papithbk'),
('3jK9MiCrA42lLAdMGUZpwa', '2021-12-15 16:09:38', 'Anderson .Paak'),
('3NPpFNZtSTHheNBaWC82rB', '2021-12-06 17:29:58', 'X Ambassadors'),
('3Oim8XBPbznAa8Jj8QzNc8', '2021-12-06 17:32:27', 'Cults'),
('3sgFRtyBnxXD5ESfmbK4dl', '2021-12-06 16:58:45', 'LMFAO'),
('3Wcyta3gkOdQ4TfY0WyZpu', '2021-12-15 16:09:38', 'YONAKA'),
('3YQKmKGau1PzlVlkL1iodx', '2021-12-08 12:12:18', 'Twenty One Pilots'),
('3z3g65U7mmyyBmmDfsQK9x', '2021-12-13 14:49:18', 'Luniz'),
('41X1TR6hrK8Q2ZCpp2EqCz', '2021-12-15 16:09:38', 'bbno$'),
('4dVRITwfej74WkmNpgYVPb', '2021-12-13 14:49:18', 'Chubb Rock'),
('4IVAbR2w4JJNJDDRFP3E83', '2021-12-06 16:58:45', '6LACK'),
('4MCBfE4596Uoi2O4DtmEMz', '2021-12-15 16:09:38', 'Juice WRLD'),
('4RnBFZRiMLRyZy0AzzTg2C', '2021-12-06 16:58:45', 'Run The Jewels'),
('4vpGVGgxSDcCTmqYbsOnsn', '2021-12-06 17:32:27', 'Amber Coffman'),
('4Xi6LSfFqv26XgP9NKN26U', '2021-12-08 12:12:18', 'AJ Tracey'),
('4xRYI6VqpkE3UwrDrAZL8L', '2021-12-08 15:12:05', 'Logic'),
('50co4Is1HCEo8bhOyUWKpn', '2021-12-06 16:58:45', 'Young Thug'),
('53XhwfbYqKCa1cC15pYq2q', '2021-12-06 17:29:58', 'Imagine Dragons'),
('55Aa2cqylxrFIXC767Z865', '2021-12-15 16:09:38', 'Lil Wayne'),
('5CE2IfdYZEQGIDsfiRm8SI', '2021-12-06 16:58:45', 'DJ Shadow'),
('5f7VJjfbwm532GiveGC0ZK', '2021-12-15 16:09:38', 'Lil Baby'),
('5fMUXHkw8R8eOP2RNVYEZX', '2021-12-08 12:12:18', 'Diplo'),
('5IcR3N7QB1j6KBL8eImZ8m', '2021-12-08 12:12:18', 'ScHoolboy Q'),
('5K4W6rqBFWDnAN6FQUkS6x', '2021-12-13 14:49:18', 'Kanye West'),
('5L1lO4eRHmJ7a0Q6csE5cT', '2021-12-06 16:58:45', 'LISA'),
('5lCekoJW9jNq01B1wiqdAb', '2021-12-15 16:09:38', 'Crankdat'),
('5LHRHt1k9lMyONurDHEdrp', '2021-12-06 16:58:45', 'Tyga'),
('5MbNzCW3qokGyoo9giHA3V', '2021-12-15 16:09:38', 'EARTHGANG'),
('5nLYd9ST4Cnwy6NHaCxbj8', '2021-12-06 16:58:45', 'CeeLo Green'),
('5UjifI1TYefXWn9GdqDOHl', '2021-12-06 18:51:47', 'Social House'),
('5WUlDfRSoLAfcVSX1WnrxN', '2021-12-08 12:12:18', 'Sia'),
('5XDJlfdfbGNJrOJJNxTcdq', '2021-12-08 12:12:18', 'Phora'),
('5yPzzu25VzEk8qrGTLIrE1', '2021-12-15 16:09:38', 'Young Nudy'),
('62DmErcU7dqZbJaDqwsqzR', '2021-12-06 16:58:45', 'Popcaan'),
('64KEffDW9EtZ1y2vBYgq8T', '2021-12-06 18:29:13', 'Marshmello'),
('64M6ah0SkkRsnPGtGiRAbb', '2021-12-06 16:58:45', 'Bebe Rexha'),
('66XvhENR7AEwichiZYuiFu', '2021-12-15 16:09:38', 'Big Heath'),
('67nwj3Y5sZQLl72VNUHEYE', '2021-12-08 12:12:18', 'Wale'),
('68kEuyFKyqrdQQLLsmiatm', '2021-12-13 14:49:18', 'Vince Staples'),
('68Uwx1d3EbjDJhYsLjqvIq', '2021-12-15 16:09:38', 'Emma Stone'),
('6AgTAQt8XS6jRWi4sX7w49', '2021-12-08 12:12:18', 'Polo G'),
('6ASri4ePR7RlsvIQgWPJpS', '2021-12-08 12:12:18', 'iann dior'),
('6C1ohJrd5VydigQtaGy5Wa', '2021-12-15 16:09:38', 'Joyner Lucas'),
('6d47Z08T4snK50HgTEHo5Z', '2021-12-13 14:49:18', 'Sage The Gemini'),
('6EPlBSH2RSiettczlz7ihV', '2021-12-08 12:12:18', 'Sleepy Hallow'),
('6fOMl44jA4Sp5b9PpYCkzz', '2021-12-06 18:29:14', 'NF'),
('6fWVd57NKTalqvmjRd2t8Z', '2021-12-08 12:12:18', '24kGoldn'),
('6icQOAFXDZKsumw3YXyusw', '2021-12-06 18:51:47', 'Lil Yachty'),
('6Ip8FS7vWT1uKkJSweANQK', '2021-12-15 16:09:38', 'Dave'),
('6IZ4ctovY9dl7bgHClAvKJ', '2021-12-08 12:12:18', 'LSD'),
('6kXm2YCtdUOpRYNKeKhfue', '2021-12-15 16:09:38', 'Ryan Gosling'),
('6l3HvQ5sa6mXTsMTB19rO5', '2021-12-15 16:09:38', 'J. Cole'),
('6LuN9FCkKOj5PcnpouEgny', '2021-12-08 15:12:05', 'Khalid'),
('6PvvGcCY2XtUcSRld1Wilr', '2021-12-06 16:58:45', 'Silk Sonic'),
('6U3ybJ9UHNKEdsH7ktGBZ7', '2021-12-15 16:09:38', 'JID'),
('6USMTwO0MNDnKte5a5h0xx', '2021-12-06 16:58:45', 'Y2K'),
('6vHBuUxrcpn1do5UaEJ7g6', '2021-12-06 16:58:45', 'Domo Genesis'),
('70gP6Ry4Uo0Yx6uzPIdaiJ', '2021-12-15 16:09:38', 'Bas'),
('7A0awCXkE1FtSU8B0qwOJQ', '2021-12-06 16:58:45', 'Jamie xx'),
('7c0XG5cIJTrrAgEC3ULPiq', '2021-12-06 17:29:58', 'Ty Dolla $ign'),
('7dGJo4pcD2V6oG8kP0tJRR', '2021-12-15 16:09:38', 'Eminem'),
('7hJcb9fa4alzcOq3EaNPoG', '2021-12-08 12:12:18', 'Snoop Dogg'),
('7iZtZyCzp3LItcw1wtPI3D', '2021-12-08 12:12:18', 'Rae Sremmurd'),
('7jVv8c5Fj3E9VhNjxT4snq', '2021-12-06 18:51:47', 'Lil Nas X'),
('7lDkWxhwIuRAIzmHf85yKx', '2021-12-13 14:49:18', 'Michael Abels'),
('7LnaAXbDVIL75IVPnndf7w', '2021-12-08 12:12:18', 'Jamie Foxx'),
('7MNEVabc4cs19CbzAFZmXz', '2021-12-08 15:22:19', 'Terrace Martin'),
('7pGyQZx9thVa8GxMBeXscB', '2021-12-13 14:49:18', 'K\'NAAN'),
('7sfl4Xt5KmfyDs2T3SVSMK', '2021-12-06 16:58:45', 'Lil Jon');

CREATE TABLE `scrobble` (
  `Id` varchar(255) NOT NULL,
  `CreationDate` datetime DEFAULT NULL,
  `PlayedAt` bigint(20) DEFAULT NULL,
  `TrackId` varchar(255) DEFAULT NULL,
  `UserId` varchar(255) DEFAULT NULL
) ENGINE=InnoDB DEFAULT CHARSET=utf8mb4;

INSERT INTO `scrobble` (`Id`, `CreationDate`, `PlayedAt`, `TrackId`, `UserId`) VALUES
('01d4a545-67eb-4ddc-bcae-ebf3d7793d41', '2021-12-06 16:58:45', 1638800724841, '2fHFLyzAQYlguX5q0DfKlD', '77f9c419-e9f0-4d48-8d1e-5d0cbee36801'),
('026e0190-cd86-4e2a-a6c1-c957ecb17b09', '2021-12-13 14:49:18', 1639263431992, '6Ius4TC0L3cN74HT7ENE6e', '77f9c419-e9f0-4d48-8d1e-5d0cbee36801'),
('035e946c-7d41-4255-91bb-2c27a06cfad6', '2021-12-13 14:49:18', 1639339965208, '4VXIryQMWpIdGgYR4TrjT1', '77f9c419-e9f0-4d48-8d1e-5d0cbee36801'),
('06bae13c-ab46-4069-9e7c-fd872f5c532a', '2021-12-13 14:49:18', 1639257785126, '4txn9qnwK3ILQqv5oq2mO3', '77f9c419-e9f0-4d48-8d1e-5d0cbee36801'),
('080156b0-ea22-4f63-b3bc-2aa83464ccb3', '2021-12-06 18:04:40', 1638810021813, '3iVcZ5G6tvkXZkZKlMpIUs', '77f9c419-e9f0-4d48-8d1e-5d0cbee36801'),
('09419520-21e2-49f9-aec4-3280aea68770', '2021-12-06 12:06:03', 1638717594568, '4qRjfovbhI4EwP7VQNfxVW', '77f9c419-e9f0-4d48-8d1e-5d0cbee36801'),
('09d7fea2-3f2c-485f-b5fe-6b179e1591ab', '2021-12-08 12:12:18', 1638960025125, '2gZUPNdnz5Y45eiGxpHGSc', '77f9c419-e9f0-4d48-8d1e-5d0cbee36801'),
('0a05d191-a719-442a-ba3f-dc7233c4c643', '2021-12-06 18:29:14', 1638811084766, '0yruV4sUwyczq5cxMRRljU', '77f9c419-e9f0-4d48-8d1e-5d0cbee36801'),
('0bac9060-7c17-4422-80c1-fff063c29734', '2021-12-08 12:12:18', 1638959717400, '192RjH0gN6en7nE6ElN96T', '77f9c419-e9f0-4d48-8d1e-5d0cbee36801'),
('0cec5f61-6f16-4b9b-aec2-5caf9ede8fc8', '2021-12-13 14:49:18', 1639323552482, '57VeLYXrvNxe8Vs18K2M9W', '77f9c419-e9f0-4d48-8d1e-5d0cbee36801'),
('0d52d2c3-ace1-43ef-93f5-a22812ff348b', '2021-12-13 14:49:18', 1639323825503, '3U21A07gAloCc4P7J8rxcn', '77f9c419-e9f0-4d48-8d1e-5d0cbee36801'),
('0ea67e2a-cd2d-41ee-8d08-57ba6644d7ef', '2021-12-08 12:12:18', 1638915432410, '1zKOagmkCtXuGmCivG8HZE', '77f9c419-e9f0-4d48-8d1e-5d0cbee36801'),
('0ef39c50-fe64-4ec0-b9df-3b02fdecb983', '2021-12-06 16:58:45', 1638737382949, '7lL3MvFWFFSD25pBz72Agj', '77f9c419-e9f0-4d48-8d1e-5d0cbee36801'),
('0fb56930-fe68-4192-ad3d-18cbbe2d0747', '2021-12-06 16:58:45', 1638736593166, '6NyhBA9M6KK0fuVsojxL00', '77f9c419-e9f0-4d48-8d1e-5d0cbee36801'),
('11f01116-174b-482b-a5d4-7feed30d7a22', '2021-12-13 14:49:18', 1639312832120, '4qRjfovbhI4EwP7VQNfxVW', '77f9c419-e9f0-4d48-8d1e-5d0cbee36801'),
('123ec360-6b99-4984-8e51-e294ff952967', '2021-12-13 14:49:18', 1639312573081, '4YwNf1fLZt9IQhJeHNWfBi', '77f9c419-e9f0-4d48-8d1e-5d0cbee36801'),
('162b1d59-ab33-4f7a-9f94-c9f89c6af52b', '2021-12-06 17:18:42', 1638807403259, '2cnKST6T9qUo2i907lm8zX', '77f9c419-e9f0-4d48-8d1e-5d0cbee36801'),
('1a3dc657-e3e8-4661-af13-70719f6204b6', '2021-12-08 12:12:18', 1638917853680, '7g9DNzAU2QP88rE4BgIJpp', '77f9c419-e9f0-4d48-8d1e-5d0cbee36801'),
('1a927b1c-b64e-4643-b5b0-691f611dc8b9', '2021-12-06 16:58:45', 1638797583651, '0JjM9bKm4wrwohMslcm892', '77f9c419-e9f0-4d48-8d1e-5d0cbee36801'),
('1c45df7a-fd12-4480-a085-b68ce3e6f0c5', '2021-12-08 12:12:18', 1638959532000, '3iXP0G94qFZiXgZGZb2i5R', '77f9c419-e9f0-4d48-8d1e-5d0cbee36801'),
('1d2e36b9-fce0-4da1-88ed-1dfee8f92600', '2021-12-08 12:12:18', 1638918851723, '62vpWI1CHwFy7tMIcSStl8', '77f9c419-e9f0-4d48-8d1e-5d0cbee36801'),
('1ef6fd39-56f4-4851-bc5f-a8cda4efeda2', '2021-12-15 16:09:38', 1639481791581, '2DTpP3caqX3QdJIEoS83mD', '77f9c419-e9f0-4d48-8d1e-5d0cbee36801'),
('1fe5eed4-114b-4fa3-889f-97d487492c55', '2021-12-13 14:49:18', 1639263515390, '08QaHlMPWuO5PUxjl61bXn', '77f9c419-e9f0-4d48-8d1e-5d0cbee36801'),
('22df367f-5595-489f-af70-7f6c1c382787', '2021-12-13 14:49:18', 1639257281133, '6NyhBA9M6KK0fuVsojxL00', '77f9c419-e9f0-4d48-8d1e-5d0cbee36801'),
('23044fbd-8a53-4574-8f4c-d081948e6ce9', '2021-12-15 16:09:38', 1639569326293, '0LJDFZohBgWOMvXQw0cc9W', '77f9c419-e9f0-4d48-8d1e-5d0cbee36801'),
('2313d2d2-4d73-4353-a92c-53abf0d593c1', '2021-12-13 14:49:18', 1639342436281, '43jBqV3j3Xi1g6wO0bhIMd', '77f9c419-e9f0-4d48-8d1e-5d0cbee36801'),
('237fcd08-6449-4bd2-97b0-4f7b0bf2d740', '2021-12-06 12:06:03', 1638718703190, '1HNs07uZxZniPNmniw2GTa', '77f9c419-e9f0-4d48-8d1e-5d0cbee36801'),
('24f55852-501d-4e7d-9f04-7180a3372556', '2021-12-13 14:49:18', 1639323849292, '3owESnQzGKXJhdZQDdXppK', '77f9c419-e9f0-4d48-8d1e-5d0cbee36801'),
('271a0ca7-2121-4505-9ccf-a873ab54f5a3', '2021-12-13 14:49:18', 1639313125339, '1HNs07uZxZniPNmniw2GTa', '77f9c419-e9f0-4d48-8d1e-5d0cbee36801'),
('295b0e55-d2cf-4000-a50d-0b5b1bb8c005', '2021-12-15 16:09:38', 1639524809098, '7e5z8Set6bsGDh8KIsZnoX', '77f9c419-e9f0-4d48-8d1e-5d0cbee36801'),
('2980598a-3b38-4373-bac4-d52c44bba4f2', '2021-12-06 16:58:45', 1638799438861, '5zpcSMzRsQlfoRcwD8h0uj', '77f9c419-e9f0-4d48-8d1e-5d0cbee36801'),
('298dcd41-f875-4e00-a3a8-7f451948c604', '2021-12-06 12:06:03', 1638718410140, '30Chv2SmIry70YwtmtaKnj', '77f9c419-e9f0-4d48-8d1e-5d0cbee36801'),
('2a135c6b-36dc-4362-b884-f397c9c777be', '2021-12-13 14:49:18', 1639265519863, '2ygMBIctKIAfbEBcT9065L', '77f9c419-e9f0-4d48-8d1e-5d0cbee36801'),
('2cf9f721-216f-4233-b35f-5b1474f85af0', '2021-12-08 12:12:18', 1638919620885, '2JvzF1RMd7lE3KmFlsyZD8', '77f9c419-e9f0-4d48-8d1e-5d0cbee36801'),
('2d568cb6-eaa3-4f00-babc-a1c62e38e143', '2021-12-06 19:00:15', 1638813599898, '33QXHN1SzNgHIRPr7qYknV', '77f9c419-e9f0-4d48-8d1e-5d0cbee36801'),
('2d637239-caa9-4f0f-aaac-d9bbb2df8f8b', '2021-12-06 12:06:03', 1638719421135, '1HNs07uZxZniPNmniw2GTa', '77f9c419-e9f0-4d48-8d1e-5d0cbee36801'),
('2e6f48e8-b097-40be-a5b1-08cdbffbf95c', '2021-12-13 14:49:18', 1639342635619, '5zpcSMzRsQlfoRcwD8h0uj', '77f9c419-e9f0-4d48-8d1e-5d0cbee36801'),
('317ed9bb-a3a3-43d4-8ca1-05a5dc71c7f3', '2021-12-06 16:58:45', 1638800287204, '2ygMBIctKIAfbEBcT9065L', '77f9c419-e9f0-4d48-8d1e-5d0cbee36801'),
('3442e015-e622-460f-ac33-302d7eb9221c', '2021-12-08 12:12:18', 1638914914170, '4TIqzdAssasqx3DAe6cG9J', '77f9c419-e9f0-4d48-8d1e-5d0cbee36801'),
('351042a2-ff31-4eba-985f-52278834a4b1', '2021-12-08 12:12:18', 1638959174835, '6xRsvyeB6omCCYdl7QSZes', '77f9c419-e9f0-4d48-8d1e-5d0cbee36801'),
('3524591f-6cf5-4af0-8f48-dc4e38f05ef8', '2021-12-06 16:58:45', 1638797987682, '0UtnpKaReKUg2GquaSxCyD', '77f9c419-e9f0-4d48-8d1e-5d0cbee36801'),
('354218a1-686b-4329-b5a8-6a4423591b9a', '2021-12-06 18:29:14', 1638810406048, '5lw8Mgb4LyhriPIC86gV6e', '77f9c419-e9f0-4d48-8d1e-5d0cbee36801'),
('373ed674-a008-4980-8a30-6006fb08ed9e', '2021-12-06 16:58:45', 1638801010233, '3yfqSUWxFvZELEM4PmlwIR', '77f9c419-e9f0-4d48-8d1e-5d0cbee36801'),
('395fe1ae-e552-4259-ba32-9b590d5e727f', '2021-12-13 14:49:18', 1639258343173, '4Tjh34RS4ACZ6f6srlDBg8', '77f9c419-e9f0-4d48-8d1e-5d0cbee36801'),
('39bb9295-6ad6-4f5c-a2f5-3b816e6d65f4', '2021-12-06 12:06:03', 1638714975393, '4qRjfovbhI4EwP7VQNfxVW', '77f9c419-e9f0-4d48-8d1e-5d0cbee36801'),
('3a93a7e4-04a4-45a9-9186-b09eafa9c687', '2021-12-06 16:58:45', 1638798482739, '4jPy3l0RUwlUI9T5XHBW2m', '77f9c419-e9f0-4d48-8d1e-5d0cbee36801'),
('40381140-e022-46ec-8f7a-b09df5bad14d', '2021-12-06 12:06:03', 1638710684164, '16qYlQ6koFxYVbiJbGHblz', '77f9c419-e9f0-4d48-8d1e-5d0cbee36801'),
('4082662b-1766-4168-a0e1-f47af40074af', '2021-12-13 14:49:18', 1639259949141, '1HNs07uZxZniPNmniw2GTa', '77f9c419-e9f0-4d48-8d1e-5d0cbee36801'),
('417ef893-0a5b-4c60-b109-514f3dce1cba', '2021-12-06 18:29:13', 1638811731660, '7vGuf3Y35N4wmASOKLUVVU', '77f9c419-e9f0-4d48-8d1e-5d0cbee36801'),
('4227d6d5-c456-4b44-817b-46e7aaccff9d', '2021-12-08 12:12:18', 1638915083344, '57VeLYXrvNxe8Vs18K2M9W', '77f9c419-e9f0-4d48-8d1e-5d0cbee36801'),
('4266e828-4805-4c0e-b71f-17d996bfefe5', '2021-12-06 18:04:40', 1638809138548, '3l6lmZCaZdnc90MI2BktqP', '77f9c419-e9f0-4d48-8d1e-5d0cbee36801'),
('44a66103-2c0b-405d-9ab1-685095d36cc1', '2021-12-06 18:04:40', 1638809542707, '0N3W5peJUQtI4eyR6GJT5O', '77f9c419-e9f0-4d48-8d1e-5d0cbee36801'),
('45211502-ca97-4e80-a6fc-92aa54aa7bf3', '2021-12-08 12:12:18', 1638831178171, '4txn9qnwK3ILQqv5oq2mO3', '77f9c419-e9f0-4d48-8d1e-5d0cbee36801'),
('4573731d-642c-48c1-896f-3ea4ff311ea3', '2021-12-06 18:29:14', 1638811316877, '7dt6x5M1jzdTEt8oCbisTK', '77f9c419-e9f0-4d48-8d1e-5d0cbee36801'),
('45cfa5b4-3d28-4cfb-b0ba-807bf215c0ba', '2021-12-06 12:06:03', 1638711701106, '4gkl7QbQvBd3TM9PhlWFkI', '77f9c419-e9f0-4d48-8d1e-5d0cbee36801'),
('484820f8-5dcb-42c5-88cf-868b48235d83', '2021-12-06 16:58:45', 1638801217982, '5HQVUIKwCEXpe7JIHyY734', '77f9c419-e9f0-4d48-8d1e-5d0cbee36801'),
('49337c1a-752d-4afb-b60b-05bbe14fea16', '2021-12-13 14:49:18', 1639303363129, '1HNs07uZxZniPNmniw2GTa', '77f9c419-e9f0-4d48-8d1e-5d0cbee36801'),
('49a4e810-668f-44ce-9cf2-3c75d9a4762d', '2021-12-08 12:12:18', 1638959383189, '5HQVUIKwCEXpe7JIHyY734', '77f9c419-e9f0-4d48-8d1e-5d0cbee36801'),
('49ea4e43-00a1-4c22-a1b9-2077cc6a0c40', '2021-12-06 18:04:40', 1638810229942, '0LJDFZohBgWOMvXQw0cc9W', '77f9c419-e9f0-4d48-8d1e-5d0cbee36801'),
('4ae7453a-29ea-42bd-8627-1510dd5eed0b', '2021-12-08 12:12:18', 1638960374207, '0JP9xo3adEtGSdUEISiszL', '77f9c419-e9f0-4d48-8d1e-5d0cbee36801'),
('4ca11c09-ac61-4191-b147-9a991801c74d', '2021-12-08 12:12:18', 1638918550129, '1HNs07uZxZniPNmniw2GTa', '77f9c419-e9f0-4d48-8d1e-5d0cbee36801'),
('4cc47b63-d21a-4d21-818a-57c41b015ea9', '2021-12-06 16:58:45', 1638741534178, '62vpWI1CHwFy7tMIcSStl8', '77f9c419-e9f0-4d48-8d1e-5d0cbee36801'),
('4d10a863-a2d6-42e1-b142-90e853ad3e1d', '2021-12-08 12:12:18', 1638880229112, '0LJDFZohBgWOMvXQw0cc9W', '77f9c419-e9f0-4d48-8d1e-5d0cbee36801'),
('4d4c2230-e3e2-4bd1-9d92-bf48ac18f770', '2021-12-15 16:09:38', 1639481591677, '1ZdhOMWyFR8Iv9eylMGYg2', '77f9c419-e9f0-4d48-8d1e-5d0cbee36801'),
('4d59f0ed-f78d-44ba-82e8-13697b2444e0', '2021-12-06 16:58:45', 1638799248977, '1jaTQ3nqY3oAAYyCTbIvnM', '77f9c419-e9f0-4d48-8d1e-5d0cbee36801'),
('4e77addb-dbfa-4115-89c3-72662b512311', '2021-12-15 16:09:37', 1639569498006, '25zlnOAzbVoOzIeXSvQFf1', '77f9c419-e9f0-4d48-8d1e-5d0cbee36801'),
('4f5acf0a-0755-4d81-9112-514f4e43d185', '2021-12-06 17:06:53', 1638806797885, '2KMPEI406H9G8UqiWDfuTK', '77f9c419-e9f0-4d48-8d1e-5d0cbee36801'),
('5000a904-c7f2-4bf5-bd23-9de91625deba', '2021-12-06 12:06:03', 1638728088970, '1HNs07uZxZniPNmniw2GTa', '77f9c419-e9f0-4d48-8d1e-5d0cbee36801'),
('50bfe756-6d40-48a0-86e3-7c0e4a3cc099', '2021-12-08 12:12:18', 1638919403031, '6Ius4TC0L3cN74HT7ENE6e', '77f9c419-e9f0-4d48-8d1e-5d0cbee36801'),
('5367a7d5-f36f-4d41-ad48-06df545dbc9f', '2021-12-13 14:49:18', 1639301175128, '6Ius4TC0L3cN74HT7ENE6e', '77f9c419-e9f0-4d48-8d1e-5d0cbee36801'),
('536b122e-5a2e-4927-ad06-3958920edea2', '2021-12-08 12:12:18', 1638959014176, '2JvzF1RMd7lE3KmFlsyZD8', '77f9c419-e9f0-4d48-8d1e-5d0cbee36801'),
('53bd4a98-8875-4f8a-8e7a-f97342ef4958', '2021-12-13 14:49:18', 1639302556149, '16qYlQ6koFxYVbiJbGHblz', '77f9c419-e9f0-4d48-8d1e-5d0cbee36801'),
('5467ec9b-3823-4cc2-ab4f-012ff13f1e3a', '2021-12-06 16:58:45', 1638796636220, '4EWCNWgDS8707fNSZ1oaA5', '77f9c419-e9f0-4d48-8d1e-5d0cbee36801'),
('56a18589-c177-4999-a0cb-0793468fc73f', '2021-12-13 14:49:18', 1639322818947, '7lL3MvFWFFSD25pBz72Agj', '77f9c419-e9f0-4d48-8d1e-5d0cbee36801'),
('576ece89-36f2-49cd-878d-591483f16ef5', '2021-12-06 19:00:15', 1638813272070, '1AT4xjNarTswd0UZ5FlmKF', '77f9c419-e9f0-4d48-8d1e-5d0cbee36801'),
('585648c5-0c2b-4cb8-bd94-0792b99754cc', '2021-12-06 12:06:03', 1638729873157, '1HNs07uZxZniPNmniw2GTa', '77f9c419-e9f0-4d48-8d1e-5d0cbee36801'),
('596b0012-c3db-4c71-a0ee-bd52627393cd', '2021-12-13 14:49:18', 1639303575140, '4gkl7QbQvBd3TM9PhlWFkI', '77f9c419-e9f0-4d48-8d1e-5d0cbee36801'),
('5a139c4a-8d59-4482-bda2-dac2d86f8c8d', '2021-12-08 12:12:18', 1638915776081, '3CRDbSIZ4r5MsZ0YwxuEkn', '77f9c419-e9f0-4d48-8d1e-5d0cbee36801'),
('5aa35678-de22-45cf-9b24-f02e26ba3147', '2021-12-13 14:49:18', 1639301708874, '7lL3MvFWFFSD25pBz72Agj', '77f9c419-e9f0-4d48-8d1e-5d0cbee36801'),
('5ae44d93-9916-4919-b097-9c08ea8a6010', '2021-12-08 12:12:18', 1638918209794, '1IeCWMwZs4rCmwPOjZYWN7', '77f9c419-e9f0-4d48-8d1e-5d0cbee36801'),
('5b7d4597-35ae-4d75-ad93-97b6b051ed88', '2021-12-15 16:09:38', 1639568014580, '2PpruBYCo4H7WOBJ7Q2EwM', '77f9c419-e9f0-4d48-8d1e-5d0cbee36801'),
('5b92b1af-382a-456c-94a5-4fd3cc810aa3', '2021-12-06 12:06:03', 1638711489154, '1HNs07uZxZniPNmniw2GTa', '77f9c419-e9f0-4d48-8d1e-5d0cbee36801'),
('5d11d49e-06f3-43aa-8564-cfd26c8206ae', '2021-12-06 16:58:45', 1638798912345, '1V4jC0vJ5525lEF1bFgPX2', '77f9c419-e9f0-4d48-8d1e-5d0cbee36801'),
('613fcf0b-9b40-4d32-8073-be72a2b6e831', '2021-12-15 16:09:38', 1639527134723, '285pBltuF7vW8TeWk8hdRR', '77f9c419-e9f0-4d48-8d1e-5d0cbee36801'),
('61b65444-37b7-434e-97bf-5137a8f0e0c9', '2021-12-08 12:12:18', 1638830388131, '6Ius4TC0L3cN74HT7ENE6e', '77f9c419-e9f0-4d48-8d1e-5d0cbee36801'),
('61ccb6b7-b1c2-47ea-afb5-f04f58e3e5c2', '2021-12-08 12:12:18', 1638919156136, '16qYlQ6koFxYVbiJbGHblz', '77f9c419-e9f0-4d48-8d1e-5d0cbee36801'),
('627bf365-33d9-4429-a093-dc621d981a2b', '2021-12-06 16:58:45', 1638796424630, '4KUUaKfBqPw1IOitTW3Pba', '77f9c419-e9f0-4d48-8d1e-5d0cbee36801'),
('63946d75-eeb6-4b09-a9b4-99da7f8ce504', '2021-12-13 14:49:18', 1639258902157, '16qYlQ6koFxYVbiJbGHblz', '77f9c419-e9f0-4d48-8d1e-5d0cbee36801'),
('65a16b03-51da-4e69-bb70-162dfd551b73', '2021-12-13 14:49:18', 1639307048485, '4YwNf1fLZt9IQhJeHNWfBi', '77f9c419-e9f0-4d48-8d1e-5d0cbee36801'),
('6656de53-b820-400a-8db7-2e5469df2834', '2021-12-06 16:58:45', 1638744773160, '4YwNf1fLZt9IQhJeHNWfBi', '77f9c419-e9f0-4d48-8d1e-5d0cbee36801'),
('6e39f4c0-e70a-4344-879b-379d2042e881', '2021-12-06 16:58:45', 1638744026165, '1EaKU4dMbesXXd3BrLCtYG', '77f9c419-e9f0-4d48-8d1e-5d0cbee36801'),
('6e706fcd-121e-433e-b349-9238587ca150', '2021-12-13 14:49:18', 1639300935251, '6NyhBA9M6KK0fuVsojxL00', '77f9c419-e9f0-4d48-8d1e-5d0cbee36801'),
('705492c7-1630-411b-891b-913e3a8e9e67', '2021-12-13 14:49:18', 1639257521155, '6Ius4TC0L3cN74HT7ENE6e', '77f9c419-e9f0-4d48-8d1e-5d0cbee36801'),
('707991ff-1aeb-4529-b85b-a71286f8b912', '2021-12-06 18:51:47', 1638812924983, '2Yer0p7uB2lVBUAtANuuQp', '77f9c419-e9f0-4d48-8d1e-5d0cbee36801'),
('741caa19-5f82-424a-9461-458446088044', '2021-12-06 16:58:45', 1638742409122, '4at3d5QWnlibMVN75ECDrp', '77f9c419-e9f0-4d48-8d1e-5d0cbee36801'),
('749502d7-7765-4240-ae7f-9ecbd315ea94', '2021-12-06 18:29:13', 1638811456967, '1jaTQ3nqY3oAAYyCTbIvnM', '77f9c419-e9f0-4d48-8d1e-5d0cbee36801'),
('7508b0db-1da9-49a7-9ee8-83fc03af5b8d', '2021-12-08 12:12:18', 1638916371572, '7b4ky1LlQLFhXHmhZkFgqV', '77f9c419-e9f0-4d48-8d1e-5d0cbee36801'),
('7535e2eb-9dea-41ef-a686-bbee262f1339', '2021-12-06 18:04:40', 1638809295659, '1ZdhOMWyFR8Iv9eylMGYg2', '77f9c419-e9f0-4d48-8d1e-5d0cbee36801'),
('75feb40e-819e-4fe8-a104-d463325664f8', '2021-12-06 16:58:45', 1638795831002, '2Nh2cMryoXl7BrZoIeN2Pr', '77f9c419-e9f0-4d48-8d1e-5d0cbee36801'),
('76d54ead-757c-4955-9a11-fba9a01324ce', '2021-12-06 17:29:58', 1638808041293, '4dASQiO1Eoo3RJvt74FtXB', '77f9c419-e9f0-4d48-8d1e-5d0cbee36801'),
('772708e2-50d9-4520-9239-a662a64ceb4a', '2021-12-06 12:06:03', 1638713992037, '7lL3MvFWFFSD25pBz72Agj', '77f9c419-e9f0-4d48-8d1e-5d0cbee36801'),
('793a69f6-5624-440f-84d9-0133b52a8533', '2021-12-06 16:58:45', 1638736848127, '6Ius4TC0L3cN74HT7ENE6e', '77f9c419-e9f0-4d48-8d1e-5d0cbee36801'),
('7a670f06-125b-42a1-b2d7-e15413bc7d28', '2021-12-06 12:06:03', 1638714280139, '4Tjh34RS4ACZ6f6srlDBg8', '77f9c419-e9f0-4d48-8d1e-5d0cbee36801'),
('7ca85a11-414f-451f-b46b-dad98ee04e29', '2021-12-15 16:09:38', 1639568205083, '0Y7di9ZCmB6Elad5WISaPc', '77f9c419-e9f0-4d48-8d1e-5d0cbee36801'),
('7d0ed7b8-cab1-43b7-8f79-bc66a7bf8603', '2021-12-06 16:58:45', 1638744622435, '4gkl7QbQvBd3TM9PhlWFkI', '77f9c419-e9f0-4d48-8d1e-5d0cbee36801'),
('7def5e97-1b4a-4db9-9387-fe50d82038bb', '2021-12-13 14:49:18', 1639258055140, '7lL3MvFWFFSD25pBz72Agj', '77f9c419-e9f0-4d48-8d1e-5d0cbee36801'),
('7eea8386-a4f5-440b-8736-3d8602087dcb', '2021-12-13 14:49:18', 1639260160928, '4gkl7QbQvBd3TM9PhlWFkI', '77f9c419-e9f0-4d48-8d1e-5d0cbee36801'),
('80c46d5d-d111-442f-ab8d-7a0382b667a4', '2021-12-08 15:22:19', 1638973301111, '7FdPNzOaG7FnIXiFm53cq4', '77f9c419-e9f0-4d48-8d1e-5d0cbee36801'),
('81fa2e05-520c-4734-a130-37cce041d197', '2021-12-06 17:32:27', 1638808338374, '0Fs9cdPDhptWEDJmiCbkEW', '77f9c419-e9f0-4d48-8d1e-5d0cbee36801'),
('83784747-99f9-419a-b0e1-7b48b1460738', '2021-12-06 18:29:14', 1638810924273, '3oLe5ZILASG8vU5dxIMfLY', '77f9c419-e9f0-4d48-8d1e-5d0cbee36801'),
('83af6da5-5b0a-4f19-96a4-da9672cdba6e', '2021-12-06 16:58:45', 1638799109183, '7Gc9OoiYsUrByC8tzD7kYY', '77f9c419-e9f0-4d48-8d1e-5d0cbee36801'),
('846b72b7-a07f-43b6-b7c7-0cc83eff5912', '2021-12-13 14:49:18', 1639302255043, '4qRjfovbhI4EwP7VQNfxVW', '77f9c419-e9f0-4d48-8d1e-5d0cbee36801'),
('8788f6c9-c08f-4b78-bda9-322bc2c843e6', '2021-12-13 14:49:18', 1639257036097, '4YwNf1fLZt9IQhJeHNWfBi', '77f9c419-e9f0-4d48-8d1e-5d0cbee36801'),
('8793ac73-f9f5-466a-b6a4-2bb44384dfb4', '2021-12-06 12:06:03', 1638711196416, '30Chv2SmIry70YwtmtaKnj', '77f9c419-e9f0-4d48-8d1e-5d0cbee36801'),
('89f881f4-e085-4d4f-8089-550f12046723', '2021-12-15 16:09:38', 1639567560533, '3PdcxgzpWzAsUGgkmykIFc', '77f9c419-e9f0-4d48-8d1e-5d0cbee36801'),
('8a03d6bf-35ae-4799-8bef-63378884501f', '2021-12-06 12:06:03', 1638727794808, '1HNs07uZxZniPNmniw2GTa', '77f9c419-e9f0-4d48-8d1e-5d0cbee36801'),
('8dbcf729-b686-405c-a064-8359aa02152b', '2021-12-08 12:12:18', 1638917133235, '2DTpP3caqX3QdJIEoS83mD', '77f9c419-e9f0-4d48-8d1e-5d0cbee36801'),
('907b1549-2053-4329-a84b-ac4e5132bb0a', '2021-12-15 16:09:38', 1639521152092, '6Ius4TC0L3cN74HT7ENE6e', '77f9c419-e9f0-4d48-8d1e-5d0cbee36801'),
('90f674c7-69e2-4362-a93e-fcb028432696', '2021-12-06 16:58:45', 1638801596890, '5wfyoR8XOkw45QRtFOoxyi', '77f9c419-e9f0-4d48-8d1e-5d0cbee36801'),
('9150a4e6-6fc4-40dc-9f97-f9dd794a5786', '2021-12-06 12:06:03', 1638735938727, '1HNs07uZxZniPNmniw2GTa', '77f9c419-e9f0-4d48-8d1e-5d0cbee36801'),
('9298c57d-f1f9-4873-ab77-2cbaf13fe9ec', '2021-12-06 12:06:03', 1638728382498, '1HNs07uZxZniPNmniw2GTa', '77f9c419-e9f0-4d48-8d1e-5d0cbee36801'),
('93bd18ee-d67c-47cf-974a-17000f4656d8', '2021-12-15 16:09:38', 1639567778768, '4TIqzdAssasqx3DAe6cG9J', '77f9c419-e9f0-4d48-8d1e-5d0cbee36801'),
('946ca9df-286a-4112-a54b-67bef6a43bed', '2021-12-06 16:58:45', 1638741832045, '1HNs07uZxZniPNmniw2GTa', '77f9c419-e9f0-4d48-8d1e-5d0cbee36801'),
('978c1559-a47f-4879-b038-afd86c0e2c0e', '2021-12-13 14:49:18', 1639266532417, '2IT0T0EqPaUxasjl2o8J2G', '77f9c419-e9f0-4d48-8d1e-5d0cbee36801'),
('99712de7-73d6-4e39-b229-09fb771b3910', '2021-12-13 14:49:18', 1639258601039, '4qRjfovbhI4EwP7VQNfxVW', '77f9c419-e9f0-4d48-8d1e-5d0cbee36801'),
('9af2b03b-e12b-4915-9d36-d0129eb44de6', '2021-12-06 16:58:45', 1638799910681, '40YcuQysJ0KlGQTeGUosTC', '77f9c419-e9f0-4d48-8d1e-5d0cbee36801'),
('9da7bb47-bda8-45f5-945e-c9de27a34140', '2021-12-15 16:09:38', 1639525726543, '4LaCk8mWMThcp3yg2Lej0z', '77f9c419-e9f0-4d48-8d1e-5d0cbee36801'),
('9df6ba07-fc63-4560-9945-8594cdf95a2e', '2021-12-06 16:58:45', 1638799659522, '3iVcZ5G6tvkXZkZKlMpIUs', '77f9c419-e9f0-4d48-8d1e-5d0cbee36801'),
('9f1d5708-a49f-4126-af4c-7d42bcd442ce', '2021-12-06 16:58:45', 1638798116602, '1AgSUWSzmza5jF6ER5R68v', '77f9c419-e9f0-4d48-8d1e-5d0cbee36801'),
('9fce2c5f-cf77-4e3f-9c52-af516ec71baa', '2021-12-15 16:09:38', 1639481318825, '34BGMLybIR9qEHYS8aiVnQ', '77f9c419-e9f0-4d48-8d1e-5d0cbee36801'),
('a0fadca4-ce1f-4278-a6d3-46cfeb359c66', '2021-12-13 14:49:18', 1639339621583, '3owESnQzGKXJhdZQDdXppK', '77f9c419-e9f0-4d48-8d1e-5d0cbee36801'),
('a20ca41e-a31e-4e0c-98b6-b2e38bfeab29', '2021-12-13 14:49:18', 1639259195191, '62vpWI1CHwFy7tMIcSStl8', '77f9c419-e9f0-4d48-8d1e-5d0cbee36801'),
('a216c2a0-e982-4460-95a1-e5de833c4a5b', '2021-12-08 15:12:05', 1638965461354, '5tz69p7tJuGPeMGwNTxYuV', '77f9c419-e9f0-4d48-8d1e-5d0cbee36801'),
('a3872828-f403-4afc-a12d-e4bc841a12e9', '2021-12-06 16:58:45', 1638801378797, '51Fjme0JiitpyXKuyQiCDo', '77f9c419-e9f0-4d48-8d1e-5d0cbee36801'),
('a3fb8ad9-bb5e-4247-a035-94bc9ea076f9', '2021-12-06 16:58:45', 1638745052990, '6I6NX6tjGsxFAsIfGzY9lJ', '77f9c419-e9f0-4d48-8d1e-5d0cbee36801'),
('a62cb7e0-c1bb-480c-a2b9-79f7adc47b0d', '2021-12-08 12:12:18', 1638879325277, '4TlbZgqxhJ6uN3tpVyjw90', '77f9c419-e9f0-4d48-8d1e-5d0cbee36801'),
('a76179a5-28c1-4af4-8fc7-8482183d1dec', '2021-12-13 14:49:18', 1639303070152, '30Chv2SmIry70YwtmtaKnj', '77f9c419-e9f0-4d48-8d1e-5d0cbee36801'),
('a7c68124-0400-46b7-8647-3ba07c1e75b0', '2021-12-06 16:58:45', 1638739785764, '4Tjh34RS4ACZ6f6srlDBg8', '77f9c419-e9f0-4d48-8d1e-5d0cbee36801'),
('a9cc6329-8808-4fea-bd52-b2e5b5612867', '2021-12-13 14:49:18', 1639313364629, '6Ius4TC0L3cN74HT7ENE6e', '77f9c419-e9f0-4d48-8d1e-5d0cbee36801'),
('ad1d6860-48a5-4b2e-9e3c-009fd5442481', '2021-12-15 16:09:38', 1639567369593, '794IGyga5qnhlzOUimLOMw', '77f9c419-e9f0-4d48-8d1e-5d0cbee36801'),
('ad5800a8-b2c6-4725-a6cb-3b1e4bd7ea1d', '2021-12-15 16:09:38', 1639525243032, '7FIWs0pqAYbP91WWM0vlTQ', '77f9c419-e9f0-4d48-8d1e-5d0cbee36801'),
('af9960dc-aa0b-4d61-bf23-f57e33070a06', '2021-12-15 16:09:38', 1639568496660, '5lw8Mgb4LyhriPIC86gV6e', '77f9c419-e9f0-4d48-8d1e-5d0cbee36801'),
('afd555b3-5a9f-47dd-b003-008108e4eef6', '2021-12-13 14:49:18', 1639259655699, '30Chv2SmIry70YwtmtaKnj', '77f9c419-e9f0-4d48-8d1e-5d0cbee36801'),
('b16cdb4d-62ca-4b4b-a8e0-f4fa033afbbc', '2021-12-06 16:58:45', 1638800072886, '794IGyga5qnhlzOUimLOMw', '77f9c419-e9f0-4d48-8d1e-5d0cbee36801'),
('b2249193-e252-427a-9c5e-30be0bc00f7c', '2021-12-15 16:09:38', 1639483473867, '3GVkPk8mqxz0itaAriG1L7', '77f9c419-e9f0-4d48-8d1e-5d0cbee36801'),
('b25e30c8-54bf-448b-9be7-0b0c4d0221cf', '2021-12-15 16:09:38', 1639521855430, '5wfyoR8XOkw45QRtFOoxyi', '77f9c419-e9f0-4d48-8d1e-5d0cbee36801'),
('b2963bb6-5564-49e4-ac1e-4603c8c46c40', '2021-12-06 16:58:45', 1638796945291, '4dASQiO1Eoo3RJvt74FtXB', '77f9c419-e9f0-4d48-8d1e-5d0cbee36801'),
('b330caf6-3cf0-42a4-ab0b-8dad17e60865', '2021-12-06 12:06:03', 1638710977177, '62vpWI1CHwFy7tMIcSStl8', '77f9c419-e9f0-4d48-8d1e-5d0cbee36801'),
('b5c2fb62-a674-4262-abbb-d0598a197ed2', '2021-12-06 12:06:03', 1638713722149, '4txn9qnwK3ILQqv5oq2mO3', '77f9c419-e9f0-4d48-8d1e-5d0cbee36801'),
('b5ed3ba5-b428-4d5c-8e23-1d313bd16401', '2021-12-08 12:12:18', 1638917592473, '5Hc35BziLaXfLebKmds2FV', '77f9c419-e9f0-4d48-8d1e-5d0cbee36801'),
('b6022034-cb46-4544-a60a-e2710ab4d106', '2021-12-06 18:51:47', 1638811944230, '27NovPIUIRrOZoCHxABJwK', '77f9c419-e9f0-4d48-8d1e-5d0cbee36801'),
('b7ddee61-1d24-40c2-8408-3315b7f510b7', '2021-12-06 17:38:19', 1638808648892, '5h5tBFnbcVioFXiOixTn6E', '77f9c419-e9f0-4d48-8d1e-5d0cbee36801'),
('b7df4cdc-b9cd-4200-8f83-33486731b585', '2021-12-06 18:04:40', 1638809783828, '2PpruBYCo4H7WOBJ7Q2EwM', '77f9c419-e9f0-4d48-8d1e-5d0cbee36801'),
('b7e749a5-15a9-47a2-b041-ec5b121bed4c', '2021-12-08 12:12:18', 1638830149068, '6NyhBA9M6KK0fuVsojxL00', '77f9c419-e9f0-4d48-8d1e-5d0cbee36801'),
('b86e7735-705c-45cc-bc8b-04a76ade7bed', '2021-12-06 12:06:03', 1638736350202, '4YwNf1fLZt9IQhJeHNWfBi', '77f9c419-e9f0-4d48-8d1e-5d0cbee36801'),
('b94a88b2-faa6-4608-9e20-97a5f8b2ce7d', '2021-12-06 18:29:14', 1638810676465, '1SC5rEoYDGUK4NfG82494W', '77f9c419-e9f0-4d48-8d1e-5d0cbee36801'),
('b9fd6a98-7252-414e-babc-5f7da28d2425', '2021-12-15 16:09:38', 1639526288833, '7r8lp6nukhNPK9QPC79k30', '77f9c419-e9f0-4d48-8d1e-5d0cbee36801'),
('bae40b35-5927-4346-a90f-795cd86f3ec3', '2021-12-08 12:12:18', 1638919533610, '2KMPEI406H9G8UqiWDfuTK', '77f9c419-e9f0-4d48-8d1e-5d0cbee36801'),
('bb5f7b01-5daf-40c2-9988-94e7dbfb5ce1', '2021-12-06 12:06:03', 1638712576605, '01VGA34ATxwp0Xo1ldduo2', '77f9c419-e9f0-4d48-8d1e-5d0cbee36801'),
('bc807131-8f44-4021-8c93-9d0909532ee6', '2021-12-13 14:49:17', 1639342699867, '7KXjTSCq5nL1LoYtL7XAwS', '77f9c419-e9f0-4d48-8d1e-5d0cbee36801'),
('bf240d60-8563-4445-8ef4-84b227829e41', '2021-12-06 12:06:03', 1638713458136, '6Ius4TC0L3cN74HT7ENE6e', '77f9c419-e9f0-4d48-8d1e-5d0cbee36801'),
('bf38eab7-b01e-401a-bf96-451c36250097', '2021-12-15 16:09:38', 1639526105248, '54yT3t8hSaJUvdHer3ZaB1', '77f9c419-e9f0-4d48-8d1e-5d0cbee36801'),
('bf452e80-b3ff-4220-a98e-7ad04eb05981', '2021-12-15 16:09:38', 1639524612710, '4r9hiElqKWMPT4Z3vN2exq', '77f9c419-e9f0-4d48-8d1e-5d0cbee36801'),
('c28505de-3d42-4862-ba43-8845dafe9bcc', '2021-12-06 17:10:04', 1638806993774, '722tgOgdIbNe3BEyLnejw4', '77f9c419-e9f0-4d48-8d1e-5d0cbee36801'),
('c2b0822f-476e-455c-bea6-9657972aabbf', '2021-12-13 14:49:18', 1639260952213, '01VGA34ATxwp0Xo1ldduo2', '77f9c419-e9f0-4d48-8d1e-5d0cbee36801'),
('c31a1e3a-d5eb-4c70-beb3-efe45e8f425e', '2021-12-06 16:58:45', 1638742886261, '1W7zkKgRv9mrLbfdQ8XyH3', '77f9c419-e9f0-4d48-8d1e-5d0cbee36801'),
('c41dd7dd-0816-4368-96d0-edcc52ed3aaf', '2021-12-13 14:49:18', 1639341154218, '3DR7shAbkNyqgZjYnHZLh2', '77f9c419-e9f0-4d48-8d1e-5d0cbee36801'),
('c428b148-27f0-4c1b-9a62-4e7417a5ad5d', '2021-12-13 14:49:18', 1639323120478, '16qYlQ6koFxYVbiJbGHblz', '77f9c419-e9f0-4d48-8d1e-5d0cbee36801'),
('c49c4052-3bb6-46d2-8a9b-cc690fd89764', '2021-12-06 16:58:45', 1638744410940, '1HNs07uZxZniPNmniw2GTa', '77f9c419-e9f0-4d48-8d1e-5d0cbee36801'),
('c77e7a4a-e817-4f8a-8645-9d6453c0eade', '2021-12-13 14:49:18', 1639264200368, '5TvLB4zBOFWHcnDoWVI4Mw', '77f9c419-e9f0-4d48-8d1e-5d0cbee36801'),
('c7d42bd5-ee6c-49f9-bf6f-4bcb100cb3a0', '2021-12-08 12:12:18', 1638960185164, '6N22FZs2ZhPBYi3b9XPajV', '77f9c419-e9f0-4d48-8d1e-5d0cbee36801'),
('c7dcd556-67cd-4699-b264-12074c4e4595', '2021-12-08 12:12:18', 1638915572889, '4jPy3l0RUwlUI9T5XHBW2m', '77f9c419-e9f0-4d48-8d1e-5d0cbee36801'),
('c855a689-4738-403f-99c0-1fc9075b561d', '2021-12-08 12:12:18', 1638916891478, '0zO8ctW0UiuOefR87OeJOZ', '77f9c419-e9f0-4d48-8d1e-5d0cbee36801'),
('ca4c6359-6ab9-4537-953f-3d8ba50f5521', '2021-12-15 16:09:38', 1639524376806, '08QaHlMPWuO5PUxjl61bXn', '77f9c419-e9f0-4d48-8d1e-5d0cbee36801'),
('ca755008-a9c7-4f40-ba52-f34aeaec3b6b', '2021-12-06 16:58:45', 1638796277111, '0Y7di9ZCmB6Elad5WISaPc', '77f9c419-e9f0-4d48-8d1e-5d0cbee36801'),
('cb816c27-9750-488d-a3bb-678042000cdb', '2021-12-15 16:09:38', 1639522275109, '5Hc35BziLaXfLebKmds2FV', '77f9c419-e9f0-4d48-8d1e-5d0cbee36801'),
('cba844de-6b2f-4e07-9e03-44f672194518', '2021-12-06 19:00:15', 1638813138139, '1BR5vhAlaoUiijQ28p6jlN', '77f9c419-e9f0-4d48-8d1e-5d0cbee36801'),
('cdb6f17d-a3ae-4253-a2f0-1db8635d74aa', '2021-12-15 16:09:38', 1639522455323, '36J0iaPDGbYGsHvYpaYs3k', '77f9c419-e9f0-4d48-8d1e-5d0cbee36801'),
('d5b9b7b2-2bed-46a1-a3ce-0e2703428445', '2021-12-08 12:12:18', 1638915260216, '1W7zkKgRv9mrLbfdQ8XyH3', '77f9c419-e9f0-4d48-8d1e-5d0cbee36801'),
('d5f35b5a-c5ee-4013-9e7c-b5bf6c35592b', '2021-12-06 12:06:03', 1638710383185, '4qRjfovbhI4EwP7VQNfxVW', '77f9c419-e9f0-4d48-8d1e-5d0cbee36801'),
('d66740d6-dffe-428e-aea9-dbcdff8cd880', '2021-12-06 16:58:45', 1638798689530, '4jTiyLlOJVJj3mCr7yfPQD', '77f9c419-e9f0-4d48-8d1e-5d0cbee36801'),
('da982a44-f2ba-4905-996a-b24151388013', '2021-12-08 12:12:18', 1638915984426, '1PS1QMdUqOal0ai3Gt7sDQ', '77f9c419-e9f0-4d48-8d1e-5d0cbee36801'),
('db40359c-c782-4405-981c-e60fb56445a5', '2021-12-06 12:06:03', 1638736222234, '1HNs07uZxZniPNmniw2GTa', '77f9c419-e9f0-4d48-8d1e-5d0cbee36801'),
('df6ffc52-17f9-4ff1-9272-a6a7bd1de7e5', '2021-12-06 17:25:53', 1638807792075, '6N22FZs2ZhPBYi3b9XPajV', '77f9c419-e9f0-4d48-8d1e-5d0cbee36801'),
('dfca6a58-c2fc-49ba-8d47-00ff31c74d79', '2021-12-06 12:06:03', 1638718914343, '4gkl7QbQvBd3TM9PhlWFkI', '77f9c419-e9f0-4d48-8d1e-5d0cbee36801'),
('e05dcad2-06b2-4e9b-aebb-5a94c9f0fe62', '2021-12-13 14:49:18', 1639302849151, '62vpWI1CHwFy7tMIcSStl8', '77f9c419-e9f0-4d48-8d1e-5d0cbee36801'),
('e183a544-6de6-4261-9a92-cebdb11cc1ed', '2021-12-06 16:58:45', 1638745595267, '7sMBvZCSUl99bJLXZaLa0b', '77f9c419-e9f0-4d48-8d1e-5d0cbee36801'),
('e2f97168-95ac-457e-b7b8-c0e0bc5aa000', '2021-12-08 12:12:18', 1638829906186, '4YwNf1fLZt9IQhJeHNWfBi', '77f9c419-e9f0-4d48-8d1e-5d0cbee36801'),
('e3949f4c-fe84-49c6-bd7c-bf0ed8fb18ad', '2021-12-06 17:12:58', 1638807123508, '1AgSUWSzmza5jF6ER5R68v', '77f9c419-e9f0-4d48-8d1e-5d0cbee36801'),
('e5fbed6c-be27-4661-85e9-81eebe7e0c5a', '2021-12-08 12:12:18', 1638916590660, '4TIqzdAssasqx3DAe6cG9J', '77f9c419-e9f0-4d48-8d1e-5d0cbee36801'),
('e73ab5a1-dd9b-4f19-b189-79755c1c8ce7', '2021-12-08 12:12:18', 1638917339395, '4jTiyLlOJVJj3mCr7yfPQD', '77f9c419-e9f0-4d48-8d1e-5d0cbee36801'),
('e7cc6626-6fc0-48a0-96e5-c12594a5153c', '2021-12-13 14:49:18', 1639314538881, '4gkl7QbQvBd3TM9PhlWFkI', '77f9c419-e9f0-4d48-8d1e-5d0cbee36801'),
('e7f4b6b7-862e-4116-8e98-1b58e319f537', '2021-12-13 14:49:18', 1639339798657, '2DjLLLV2r88a8TO0hVTVrS', '77f9c419-e9f0-4d48-8d1e-5d0cbee36801'),
('e900b26a-04d3-42ef-889b-1045652aa660', '2021-12-06 12:06:03', 1638710125167, '4Tjh34RS4ACZ6f6srlDBg8', '77f9c419-e9f0-4d48-8d1e-5d0cbee36801'),
('ecd782ce-c905-4222-8a6a-e36aee7d1409', '2021-12-13 14:49:18', 1639300692576, '4YwNf1fLZt9IQhJeHNWfBi', '77f9c419-e9f0-4d48-8d1e-5d0cbee36801'),
('ed69e091-f5c1-421a-a7ad-266906f4bd7a', '2021-12-06 16:58:45', 1638737113125, '4txn9qnwK3ILQqv5oq2mO3', '77f9c419-e9f0-4d48-8d1e-5d0cbee36801'),
('ee646a6c-fd03-40c9-8627-624b43b8d15a', '2021-12-06 12:06:03', 1638722796492, '1HNs07uZxZniPNmniw2GTa', '77f9c419-e9f0-4d48-8d1e-5d0cbee36801'),
('effd9eec-b9db-4eae-a8ab-60cd555665b4', '2021-12-06 12:06:03', 1638717896136, '16qYlQ6koFxYVbiJbGHblz', '77f9c419-e9f0-4d48-8d1e-5d0cbee36801'),
('f05aa307-2191-4600-9e59-733067d6fd5d', '2021-12-13 14:49:18', 1639301997163, '4Tjh34RS4ACZ6f6srlDBg8', '77f9c419-e9f0-4d48-8d1e-5d0cbee36801'),
('f1a5d005-a9e9-4e7d-b581-a1f3e762cb37', '2021-12-06 19:00:15', 1638813465428, '43jBqV3j3Xi1g6wO0bhIMd', '77f9c419-e9f0-4d48-8d1e-5d0cbee36801'),
('f3bdc5d8-fe7a-41ec-8a9f-e9c5b0167866', '2021-12-06 18:29:14', 1638810534057, '3MWlVSkoLS1e66nlZ2tuWJ', '77f9c419-e9f0-4d48-8d1e-5d0cbee36801'),
('f3d2c0db-7e48-4b17-95c4-a7bf03d5fcc0', '2021-12-06 16:58:45', 1638741042177, '4Tjh34RS4ACZ6f6srlDBg8', '77f9c419-e9f0-4d48-8d1e-5d0cbee36801'),
('f62b0b63-37c7-4222-9213-6dd97fda8e50', '2021-12-13 14:49:18', 1639263750983, '4r9hiElqKWMPT4Z3vN2exq', '77f9c419-e9f0-4d48-8d1e-5d0cbee36801'),
('f690f298-c65a-433a-a9f3-b3a441704a49', '2021-12-06 16:58:45', 1638798341887, '3bC1ahPIYt1btJzSSEyyrF', '77f9c419-e9f0-4d48-8d1e-5d0cbee36801'),
('f8b212b0-9655-47f1-a2f4-2ede21adfff4', '2021-12-06 16:58:45', 1638800510913, '3ydfhgIZIc2j39NLIhpJpq', '77f9c419-e9f0-4d48-8d1e-5d0cbee36801'),
('f9c85ed3-e35b-4f06-985d-25de0485a46d', '2021-12-13 14:49:18', 1639301439147, '4txn9qnwK3ILQqv5oq2mO3', '77f9c419-e9f0-4d48-8d1e-5d0cbee36801'),
('fc054696-8b75-4325-8205-3d1933e6ac4a', '2021-12-13 14:49:18', 1639313658215, '62vpWI1CHwFy7tMIcSStl8', '77f9c419-e9f0-4d48-8d1e-5d0cbee36801'),
('fcaf93ae-0a9f-4c7e-9a26-644eb97e3365', '2021-12-08 12:12:18', 1638918023097, '57VeLYXrvNxe8Vs18K2M9W', '77f9c419-e9f0-4d48-8d1e-5d0cbee36801'),
('fe1e93a0-42e3-4bdf-b35a-bd72b681e663', '2021-12-06 12:06:03', 1638718190972, '62vpWI1CHwFy7tMIcSStl8', '77f9c419-e9f0-4d48-8d1e-5d0cbee36801');

CREATE TABLE `track` (
  `Id` varchar(255) NOT NULL,
  `CreationDate` datetime DEFAULT NULL,
  `Name` varchar(255) DEFAULT NULL,
  `Image` varchar(255) DEFAULT NULL,
  `AlbumId` varchar(255) DEFAULT NULL
) ENGINE=InnoDB DEFAULT CHARSET=utf8mb4;

INSERT INTO `track` (`Id`, `CreationDate`, `Name`, `Image`, `AlbumId`) VALUES
('01VGA34ATxwp0Xo1ldduo2', '2021-12-13 14:49:18', 'Note to Self', 'https://i.scdn.co/image/ab67616d0000b2736aca031ccc27d2e4dd829d14', '7viNUmZZ8ztn2UB4XB3jIL'),
('08QaHlMPWuO5PUxjl61bXn', '2021-12-15 16:09:38', 'He\'s a Pirate', 'https://i.scdn.co/image/ab67616d0000b27338786c7492ac252797bb2648', '4Qe057XqKloVNhnPohj6Yo'),
('0Fs9cdPDhptWEDJmiCbkEW', '2021-12-06 17:32:27', 'She Knows (feat. Amber Coffman & Cults)', 'https://i.scdn.co/image/ab67616d0000b273c1bb124f993488cf21b269fc', '5FP9keIJnlSCKnkdVOf623'),
('0JjM9bKm4wrwohMslcm892', '2021-12-06 16:58:45', 'Still Be Friends (feat. Tory Lanez & Tyga)', 'https://i.scdn.co/image/ab67616d0000b2730a70f97365dec77a1a86b785', '0KHIH7UC8WATEByfXGfYaY'),
('0JP9xo3adEtGSdUEISiszL', '2021-12-08 12:12:18', 'Moonlight', 'https://i.scdn.co/image/ab67616d0000b273806c160566580d6335d1f16c', '2Ti79nwTsont5ZHfdxIzAm'),
('0LJDFZohBgWOMvXQw0cc9W', '2021-12-15 16:09:38', 'Cigarettes On Patios', 'https://i.scdn.co/image/ab67616d0000b273d5d77ef5ffd80806d25ab50c', '5vN3lm8mcpQ9IoQ3Xutrkw'),
('0N3W5peJUQtI4eyR6GJT5O', '2021-12-06 18:04:40', 'King Kunta', 'https://i.scdn.co/image/ab67616d0000b273cdb645498cd3d8a2db4d05e1', '7ycBtnsMtyVbbwTfJwRjSP'),
('0UtnpKaReKUg2GquaSxCyD', '2021-12-06 16:58:45', 'Money Trees', 'https://i.scdn.co/image/ab67616d0000b27378de8b28de36a74afc0348b5', '748dZDqSZy6aPXKcI9H80u'),
('0Y7di9ZCmB6Elad5WISaPc', '2021-12-15 16:09:38', 'Dedicate', 'https://i.scdn.co/image/ab67616d0000b2732cfcc913c36f0e1776f4bb65', '50yFYgKdwJANZ5O9MIbMkg'),
('0yruV4sUwyczq5cxMRRljU', '2021-12-06 18:29:14', 'DRUGS', 'https://i.scdn.co/image/ab67616d0000b2738a72ff5c897ae0b18eb064a8', '0EomGnN4zv8AC2Zi7NL1bV'),
('0zO8ctW0UiuOefR87OeJOZ', '2021-12-08 12:12:18', 'Collard Greens', 'https://i.scdn.co/image/ab67616d0000b27336977e237a8f70ec6c990636', '7Et3bSTLLqdABO1qCxUplS'),
('16qYlQ6koFxYVbiJbGHblz', '2021-12-13 14:49:18', 'G.O.M.D.', 'https://i.scdn.co/image/ab67616d0000b2736aca031ccc27d2e4dd829d14', '7viNUmZZ8ztn2UB4XB3jIL'),
('192RjH0gN6en7nE6ElN96T', '2021-12-08 12:12:18', 'Wishing For A Hero (feat. BJ The Chicago Kid)', 'https://i.scdn.co/image/ab67616d0000b273339f780dfdbc38558ea0761d', '39xhYyNNDatQtgKw2KdXMz'),
('1AgSUWSzmza5jF6ER5R68v', '2021-12-06 17:12:58', 'THRU THE NIGHT (feat. Bryson Tiller)', 'https://i.scdn.co/image/ab67616d0000b27357c38b379fbaa7bfef03934d', '7xfcihbsBamUi6sezd0oOG'),
('1AT4xjNarTswd0UZ5FlmKF', '2021-12-06 19:00:15', 'Motiv8', 'https://i.scdn.co/image/ab67616d0000b273cf0f0affd0138a7442f13706', '4Wv5UAieM1LDEYVq5WmqDd'),
('1BR5vhAlaoUiijQ28p6jlN', '2021-12-06 19:00:15', 'Backseat Freestyle', 'https://i.scdn.co/image/ab67616d0000b27378de8b28de36a74afc0348b5', '748dZDqSZy6aPXKcI9H80u'),
('1EaKU4dMbesXXd3BrLCtYG', '2021-12-06 16:58:45', 'ELEMENT.', 'https://i.scdn.co/image/ab67616d0000b2738b52c6b9bc4e43d873869699', '4eLPsYPBmXABThSJ821sqY'),
('1HNs07uZxZniPNmniw2GTa', '2021-12-13 14:49:18', 'Apparently', 'https://i.scdn.co/image/ab67616d0000b2736aca031ccc27d2e4dd829d14', '7viNUmZZ8ztn2UB4XB3jIL'),
('1IeCWMwZs4rCmwPOjZYWN7', '2021-12-08 12:12:18', 'Poke It Out (feat. J. Cole)', 'https://i.scdn.co/image/ab67616d0000b2738eafaeccd2cea429586798ea', '2DXRWlFTI8l2YvBD4iFUK8'),
('1jaTQ3nqY3oAAYyCTbIvnM', '2021-12-06 18:29:13', 'WHATS POPPIN', 'https://i.scdn.co/image/ab67616d0000b27305a448540b069450ccfba889', '7AaqMMiYMvnMB3RcS8u3EY'),
('1PS1QMdUqOal0ai3Gt7sDQ', '2021-12-08 12:12:18', 'Gold Digger', 'https://i.scdn.co/image/ab67616d0000b273428d2255141c2119409a31b2', '5ll74bqtkcXlKE7wwkMq4g'),
('1SC5rEoYDGUK4NfG82494W', '2021-12-06 18:29:14', 'MONTERO (Call Me By Your Name)', 'https://i.scdn.co/image/ab67616d0000b273be82673b5f79d9658ec0a9fd', '6pOiDiuDQqrmo5DbG0ZubR'),
('1V4jC0vJ5525lEF1bFgPX2', '2021-12-06 16:58:45', 'Shots', 'https://i.scdn.co/image/ab67616d0000b2736a0f2bf4749bddc11f4ba8dc', '7qtQYJc0H6s3CK4c7Gp8GR'),
('1W7zkKgRv9mrLbfdQ8XyH3', '2021-12-08 12:12:18', 'Gangsta', 'https://i.scdn.co/image/ab67616d0000b273cb4ec52c48a6b071ed2ab6bc', '5rOHrnrRomvSJhQLGVtfJ8'),
('1ZdhOMWyFR8Iv9eylMGYg2', '2021-12-15 16:09:38', 'Mount Everest', 'https://i.scdn.co/image/ab67616d0000b273e4c03429788f0aff263a5fc6', '0FSsRH1jeZqKbGcHwq3UO0'),
('1zKOagmkCtXuGmCivG8HZE', '2021-12-08 12:12:18', 'Icee Pop', 'https://i.scdn.co/image/ab67616d0000b2732a393fd3499f622d56846fa8', '0N75npNB8Wo93bY41XjHr7'),
('25zlnOAzbVoOzIeXSvQFf1', '2021-12-15 16:09:37', 'Got It On Me', 'https://i.scdn.co/image/ab67616d0000b27377ada0863603903f57b34369', '7e7t0MCrNDcJZsPwUKjmOc'),
('27NovPIUIRrOZoCHxABJwK', '2021-12-06 18:51:47', 'INDUSTRY BABY (feat. Jack Harlow)', 'https://i.scdn.co/image/ab67616d0000b273ba26678947112dff3c3158bf', '622NFw5Yk0OReMJ2XWcXUh'),
('285pBltuF7vW8TeWk8hdRR', '2021-12-15 16:09:38', 'Lucid Dreams', 'https://i.scdn.co/image/ab67616d0000b273f7db43292a6a99b21b51d5b4', '6tkjU4Umpo79wwkgPMV3nZ'),
('2cnKST6T9qUo2i907lm8zX', '2021-12-06 17:18:42', 'a m a r i', 'https://i.scdn.co/image/ab67616d0000b27310e6745bb2f179dd3616b85f', '4JAvwK4APPArjIsOdGoJXX'),
('2DjLLLV2r88a8TO0hVTVrS', '2021-12-13 14:49:18', 'Rembrandt...Run It Back (with JID & J. Cole feat. Vince Staples)', 'https://i.scdn.co/image/ab67616d0000b273c0ae820e3b64854de4642101', '2n3quCZ0anEa46j2IveacI'),
('2DTpP3caqX3QdJIEoS83mD', '2021-12-15 16:09:38', 'Your Heart', 'https://i.scdn.co/image/ab67616d0000b2730ccce58d0ad92da7564800fd', '1VKFaHoIvkZTzsSRad2jDZ'),
('2fHFLyzAQYlguX5q0DfKlD', '2021-12-06 16:58:45', 'I Know There\'s Gonna Be (Good Times)', 'https://i.scdn.co/image/ab67616d0000b2736aa1dfa0a98baa542251df5a', '4gaNWHu5Caj3ItkYZ5i6uh'),
('2gZUPNdnz5Y45eiGxpHGSc', '2021-12-08 12:12:18', 'POWER', 'https://i.scdn.co/image/ab67616d0000b273d9194aa18fa4c9362b47464f', '20r762YmB5HeofjMCiPMLv'),
('2IT0T0EqPaUxasjl2o8J2G', '2021-12-13 14:49:18', 'Christopher Walking', 'https://i.scdn.co/image/ab67616d0000b27362a57823eced1cb4fd93b2c1', '4MZnolldq7ciKKlbVDzLm5'),
('2JvzF1RMd7lE3KmFlsyZD8', '2021-12-08 12:12:18', 'MIDDLE CHILD', 'https://i.scdn.co/image/ab67616d0000b2737f37a4001ae7d8be430bd91b', '3XzSOIE6zGLliuqsVGLmUc'),
('2KMPEI406H9G8UqiWDfuTK', '2021-12-08 12:12:18', 'Breakin Bad (Okay)', 'https://i.scdn.co/image/ab67616d0000b273a1738a26c56f6f754302003c', '0giyK2LuJ6wcfVN2QXDIlB'),
('2Nh2cMryoXl7BrZoIeN2Pr', '2021-12-06 16:58:45', 'Dapper (feat. Anderson .Paak)', 'https://i.scdn.co/image/ab67616d0000b273085d6629aaaf7baa283d5c7d', '3mhZHDmHvIUAeAYH7MrXBW'),
('2PpruBYCo4H7WOBJ7Q2EwM', '2021-12-15 16:09:38', 'Hey Ya!', 'https://i.scdn.co/image/ab67616d0000b2736a6387ab37f64034cdc7b367', '1UsmQ3bpJTyK6ygoOOjG1r'),
('2Yer0p7uB2lVBUAtANuuQp', '2021-12-06 18:51:47', 'Magic In The Hamptons (feat. Lil Yachty)', 'https://i.scdn.co/image/ab67616d0000b273013314e9861a2c4a796b2176', '3p81zUBFZ3zdzxceXKeVSK'),
('2ygMBIctKIAfbEBcT9065L', '2021-12-13 14:49:18', 'Pump It', 'https://i.scdn.co/image/ab67616d0000b273c6710b4a52539506c30e5354', '6VsJamdhvYKcnpwHAKULI0'),
('30Chv2SmIry70YwtmtaKnj', '2021-12-13 14:49:18', 'Hello', 'https://i.scdn.co/image/ab67616d0000b2736aca031ccc27d2e4dd829d14', '7viNUmZZ8ztn2UB4XB3jIL'),
('33QXHN1SzNgHIRPr7qYknV', '2021-12-06 19:00:15', 'PIKACHU', 'https://i.scdn.co/image/ab67616d0000b273df16d539f508603bfb1efe02', '3YjfdLdpQcVI72uKhooZst'),
('34BGMLybIR9qEHYS8aiVnQ', '2021-12-15 16:09:38', 'Biggy', 'https://i.scdn.co/image/ab67616d0000b273a4fa160f5b540ce865f6c86d', '2dMzgk1yVFlOeOgZ0fC7Nt'),
('36J0iaPDGbYGsHvYpaYs3k', '2021-12-15 16:09:38', 'Down Bad (feat. JID, Bas, J. Cole, EARTHGANG & Young Nudy)', 'https://i.scdn.co/image/ab67616d0000b273c0ae820e3b64854de4642101', '2n3quCZ0anEa46j2IveacI'),
('3bC1ahPIYt1btJzSSEyyrF', '2021-12-06 16:58:45', 'Whistle', 'https://i.scdn.co/image/ab67616d0000b273871d85943145dde548f4ae09', '7eLwoxxWs6lfkVYJGkGNbk'),
('3CRDbSIZ4r5MsZ0YwxuEkn', '2021-12-08 12:12:18', 'Stressed Out', 'https://i.scdn.co/image/ab67616d0000b273de03bfc2991fd5bcfde65ba3', '3cQO7jp5S9qLBoIVtbkSM1'),
('3DR7shAbkNyqgZjYnHZLh2', '2021-12-13 14:49:18', 'Creme', 'https://i.scdn.co/image/ab67616d0000b273aeb14ead136118a987246b63', '5g2INX6dnMIJG0xKygXwF3'),
('3GVkPk8mqxz0itaAriG1L7', '2021-12-15 16:09:38', 'Everybody Dies In Their Nightmares', 'https://i.scdn.co/image/ab67616d0000b273203c89bd4391468eea4cc3f5', '5VdyJkLe3yvOs0l4xXbWp0'),
('3iVcZ5G6tvkXZkZKlMpIUs', '2021-12-06 18:04:40', 'Alright', 'https://i.scdn.co/image/ab67616d0000b273cdb645498cd3d8a2db4d05e1', '7ycBtnsMtyVbbwTfJwRjSP'),
('3iXP0G94qFZiXgZGZb2i5R', '2021-12-08 12:12:18', 'Tension', 'https://i.scdn.co/image/ab67616d0000b273a1738a26c56f6f754302003c', '0giyK2LuJ6wcfVN2QXDIlB'),
('3l6lmZCaZdnc90MI2BktqP', '2021-12-06 18:04:40', 'Lost Ones', 'https://i.scdn.co/image/ab67616d0000b27399da48a530f6ca2ef86da3cc', '0fhmJYVhW0e4i33pCLPA5i'),
('3MWlVSkoLS1e66nlZ2tuWJ', '2021-12-06 18:29:14', 'For Whom The Bell Tolls', 'https://i.scdn.co/image/ab67616d0000b273f4ca75192df162f78a24023e', '3CCnGldVQ90c26aFATC1PW'),
('3oLe5ZILASG8vU5dxIMfLY', '2021-12-06 18:29:14', 'The Search', 'https://i.scdn.co/image/ab67616d0000b273942a0c9ac8f1def7c8805044', '46xdC4Qcvscfs3Ai2RIHcv'),
('3owESnQzGKXJhdZQDdXppK', '2021-12-13 14:49:18', 'Bang Bang', 'https://i.scdn.co/image/ab67616d0000b273642efc0b3f045f34316d2cf3', '0VWYRbEcvJcPrqMGJirO6q'),
('3PdcxgzpWzAsUGgkmykIFc', '2021-12-15 16:09:38', 'Welcome to Chilis', 'https://i.scdn.co/image/ab67616d0000b27315f04c6e3d7c57a5a4348bca', '1oxxysQmylUXuxzSdHlqUc'),
('3U21A07gAloCc4P7J8rxcn', '2021-12-13 14:49:18', 'All Mine', 'https://i.scdn.co/image/ab67616d0000b2730cd942c1a864afa4e92d04f2', '2Ek1q2haOnxVqhvVKqMvJe'),
('3ydfhgIZIc2j39NLIhpJpq', '2021-12-06 16:58:45', 'Fuck You', 'https://i.scdn.co/image/ab67616d0000b2731c44d79c994c1a26aa387617', '5uR0dqBMYWZFYJT7mvPZ82'),
('3yfqSUWxFvZELEM4PmlwIR', '2021-12-06 16:58:45', 'The Real Slim Shady', 'https://i.scdn.co/image/ab67616d0000b273dbb3dd82da45b7d7f31b1b42', '6t7956yu5zYf5A829XRiHC'),
('40YcuQysJ0KlGQTeGUosTC', '2021-12-06 16:58:45', 'Me, Myself & I', 'https://i.scdn.co/image/ab67616d0000b27398acfa8c055deedc25e6081d', '09Q3WwGYsQe5ognkvVkmCu'),
('43jBqV3j3Xi1g6wO0bhIMd', '2021-12-13 14:49:18', 'Now and Later', 'https://i.scdn.co/image/ab67616d0000b27382d22e1d83fc1045ad33444a', '3fi4zQJmsXI2Hw2pl89aTh'),
('4at3d5QWnlibMVN75ECDrp', '2021-12-06 16:58:45', 'Pretty Little Fears (feat. J. Cole)', 'https://i.scdn.co/image/ab67616d0000b273e1530b42603367fdb2208d88', '3fc97ZWLIMc1xawhxbKrh2'),
('4dASQiO1Eoo3RJvt74FtXB', '2021-12-06 17:29:58', 'Sucker for Pain (with Wiz Khalifa, Imagine Dragons, Logic & Ty Dolla $ign feat. X Ambassadors)', 'https://i.scdn.co/image/ab67616d0000b2737d8dfcfd507069d7f2062caf', '704GHNtZhEe9TBgleCNNGv'),
('4EWCNWgDS8707fNSZ1oaA5', '2021-12-06 16:58:45', 'Heartless', 'https://i.scdn.co/image/ab67616d0000b273346d77e155d854735410ed18', '3WFTGIO6E3Xh4paEOBY9OU'),
('4gkl7QbQvBd3TM9PhlWFkI', '2021-12-13 14:49:18', 'Love Yourz', 'https://i.scdn.co/image/ab67616d0000b2736aca031ccc27d2e4dd829d14', '7viNUmZZ8ztn2UB4XB3jIL'),
('4jPy3l0RUwlUI9T5XHBW2m', '2021-12-08 12:12:18', 'Mood (feat. iann dior)', 'https://i.scdn.co/image/ab67616d0000b27384c53fa832dfa265192419c5', '270o30h7cAlEhBnbuSpFZq'),
('4jTiyLlOJVJj3mCr7yfPQD', '2021-12-08 12:12:18', 'This Could Be Us', 'https://i.scdn.co/image/ab67616d0000b2734ca3fb4517ff722918877460', '6eDx949ONWDCN0O22wFZf7'),
('4KUUaKfBqPw1IOitTW3Pba', '2021-12-06 16:58:45', 'Ain\'t That Some Shit - Interlude', 'https://i.scdn.co/image/ab67616d0000b273c1bb124f993488cf21b269fc', '5FP9keIJnlSCKnkdVOf623'),
('4LaCk8mWMThcp3yg2Lej0z', '2021-12-15 16:09:38', 'Lesley', 'https://i.scdn.co/image/ab67616d0000b273faff2775e09d367194a2afef', '571KrRXa9nqtOUJQQOXeIz'),
('4qRjfovbhI4EwP7VQNfxVW', '2021-12-13 14:49:18', 'St. Tropez', 'https://i.scdn.co/image/ab67616d0000b2736aca031ccc27d2e4dd829d14', '7viNUmZZ8ztn2UB4XB3jIL'),
('4r9hiElqKWMPT4Z3vN2exq', '2021-12-15 16:09:38', 'A Lovely Night', 'https://i.scdn.co/image/ab67616d0000b2730bdf4dd39843ad48c5b66bc4', '3GU8BzFEAdFSRjc8jZkL3S'),
('4TIqzdAssasqx3DAe6cG9J', '2021-12-15 16:09:38', 'Ramen & OJ', 'https://i.scdn.co/image/ab67616d0000b2734fd8e64469ff9dd01faf50fe', '48ahZJLcagb8VTgRAuv6WQ'),
('4Tjh34RS4ACZ6f6srlDBg8', '2021-12-13 14:49:18', 'Fire Squad', 'https://i.scdn.co/image/ab67616d0000b2736aca031ccc27d2e4dd829d14', '7viNUmZZ8ztn2UB4XB3jIL'),
('4TlbZgqxhJ6uN3tpVyjw90', '2021-12-08 12:12:18', 'Genius (feat. Sia, Diplo, and Labrinth) - Lil Wayne Remix', 'https://i.scdn.co/image/ab67616d0000b2733f159ae07dd556323f39f47b', '0ujHQ5WCLuKJQXOqXpGtpf'),
('4txn9qnwK3ILQqv5oq2mO3', '2021-12-13 14:49:18', '03\' Adolescence', 'https://i.scdn.co/image/ab67616d0000b2736aca031ccc27d2e4dd829d14', '7viNUmZZ8ztn2UB4XB3jIL'),
('4VXIryQMWpIdGgYR4TrjT1', '2021-12-13 14:49:18', 'All Girls Are The Same', 'https://i.scdn.co/image/ab67616d0000b273f7db43292a6a99b21b51d5b4', '6tkjU4Umpo79wwkgPMV3nZ'),
('4YwNf1fLZt9IQhJeHNWfBi', '2021-12-13 14:49:18', 'Intro', 'https://i.scdn.co/image/ab67616d0000b2736aca031ccc27d2e4dd829d14', '7viNUmZZ8ztn2UB4XB3jIL'),
('4ZtFanR9U6ndgddUvNcjcG', '2021-12-06 16:58:45', 'good 4 u', 'https://i.scdn.co/image/ab67616d0000b273a91c10fe9472d9bd89802e5a', '6s84u2TUpR3wdUv4NgKA2j'),
('51Fjme0JiitpyXKuyQiCDo', '2021-12-06 16:58:45', 'Lalala', 'https://i.scdn.co/image/ab67616d0000b2738a6ccb507dd6a66f7f6e2440', '4WlC4FXhonJhNTXCQPGP3r'),
('54yT3t8hSaJUvdHer3ZaB1', '2021-12-15 16:09:38', 'Alexis', 'https://i.scdn.co/image/ab67616d0000b273e06d3c56b9c58b3a8b5402a7', '3LnC7gpHMt8XCxHO3TXCDp'),
('57VeLYXrvNxe8Vs18K2M9W', '2021-12-13 14:49:18', 'Way Out (feat. Big Sean)', 'https://i.scdn.co/image/ab67616d0000b273aeb14ead136118a987246b63', '5g2INX6dnMIJG0xKygXwF3'),
('5h5tBFnbcVioFXiOixTn6E', '2021-12-06 17:38:19', 'Bitch, Dont Kill My Vibe', 'https://i.scdn.co/image/ab67616d0000b27378de8b28de36a74afc0348b5', '748dZDqSZy6aPXKcI9H80u'),
('5Hc35BziLaXfLebKmds2FV', '2021-12-15 16:09:38', 'Drew Barrymore - Crankdat Remix', 'https://i.scdn.co/image/ab67616d0000b27364d51350615279b9ca2dd597', '5MirZPdM7d3AxK2ydiHeuB'),
('5HQVUIKwCEXpe7JIHyY734', '2021-12-08 12:12:18', 'Young, Wild & Free (feat. Bruno Mars)', 'https://i.scdn.co/image/ab67616d0000b2738596df2f2646ab9aba464c30', '11Bkx3E99vf0IlYPND61LJ'),
('5lw8Mgb4LyhriPIC86gV6e', '2021-12-15 16:09:38', 'RNP (feat. Anderson .Paak)', 'https://i.scdn.co/image/ab67616d0000b273e6d6d392a66a7f9172fe57c8', '6Pb7PMZtW0fuEM1lCGvCDu'),
('5TvLB4zBOFWHcnDoWVI4Mw', '2021-12-13 14:49:18', 'I Got 5 On It - Tethered Mix from US', 'https://i.scdn.co/image/ab67616d0000b273a534060dd26f19f37035a29c', '1gkLMuAnI8U5z2yhyhhRQk'),
('5tz69p7tJuGPeMGwNTxYuV', '2021-12-08 15:12:05', '1-800-273-8255', 'https://i.scdn.co/image/ab67616d0000b273cfdf40cf325b609a52457805', '1HiN2YXZcc3EjmVZ4WjfBk'),
('5wfyoR8XOkw45QRtFOoxyi', '2021-12-15 16:09:38', 'Professor X', 'https://i.scdn.co/image/ab67616d0000b273390f440a8eba0a7054cfd350', '5IHJygOAlKSo0ESGxsEhgB'),
('5zpcSMzRsQlfoRcwD8h0uj', '2021-12-13 14:49:18', 'ABC\'s', 'https://i.scdn.co/image/ab67616d0000b27366ec341c90a69fe51ffc067e', '79l9IyqcIEzuZQA5ANHTti'),
('62vpWI1CHwFy7tMIcSStl8', '2021-12-13 14:49:18', 'No Role Modelz', 'https://i.scdn.co/image/ab67616d0000b2736aca031ccc27d2e4dd829d14', '7viNUmZZ8ztn2UB4XB3jIL'),
('6I6NX6tjGsxFAsIfGzY9lJ', '2021-12-06 16:58:45', 'Deja Vu', 'https://i.scdn.co/image/ab67616d0000b273f4ca75192df162f78a24023e', '3CCnGldVQ90c26aFATC1PW'),
('6Ius4TC0L3cN74HT7ENE6e', '2021-12-15 16:09:38', 'Wet Dreamz', 'https://i.scdn.co/image/ab67616d0000b2736aca031ccc27d2e4dd829d14', '7viNUmZZ8ztn2UB4XB3jIL'),
('6N22FZs2ZhPBYi3b9XPajV', '2021-12-08 12:12:18', 'Still Don\'t Know My Name', 'https://i.scdn.co/image/ab67616d0000b27389c39ba1acdf33ed7acd3867', '788r22Bhr3IHLTNPy8pZea'),
('6NyhBA9M6KK0fuVsojxL00', '2021-12-13 14:49:18', 'January 28th', 'https://i.scdn.co/image/ab67616d0000b2736aca031ccc27d2e4dd829d14', '7viNUmZZ8ztn2UB4XB3jIL'),
('6xRsvyeB6omCCYdl7QSZes', '2021-12-08 12:12:18', 'Destiny\'s Song', 'https://i.scdn.co/image/ab67616d0000b273eb0699e58e5c91b1cd2283ee', '1EkLZjupNkyUjcZ7aon07W'),
('722tgOgdIbNe3BEyLnejw4', '2021-12-06 17:10:04', 'Black Skinhead', 'https://i.scdn.co/image/ab67616d0000b2731dacfbc31cc873d132958af9', '7D2NdGvBHIavgLhmcwhluK'),
('794IGyga5qnhlzOUimLOMw', '2021-12-15 16:09:38', 'Seize the Power', 'https://i.scdn.co/image/ab67616d0000b27338debe8dc40c62d7c593bed2', '2QgPGKzoN51qcEzGlHYk7j'),
('7b4ky1LlQLFhXHmhZkFgqV', '2021-12-08 12:12:18', 'Ladbroke Grove', 'https://i.scdn.co/image/ab67616d0000b273a61a61a007b55afc7d783fe9', '0vrKGjXSGcTsxNGxQdXT5p'),
('7dt6x5M1jzdTEt8oCbisTK', '2021-12-06 18:29:14', 'Better Now', 'https://i.scdn.co/image/ab67616d0000b273b1c4b76e23414c9f20242268', '6trNtQUgC8cgbWcqoMYkOR'),
('7e5z8Set6bsGDh8KIsZnoX', '2021-12-15 16:09:38', 'Housewives', 'https://i.scdn.co/image/ab67616d0000b27300dba11c081404c7d6913906', '0h7Rqxud5GknQMMoLHNx80'),
('7FdPNzOaG7FnIXiFm53cq4', '2021-12-08 15:22:19', 'Can\'t Let You Go (feat. Nick Grant)', 'https://i.scdn.co/image/ab67616d0000b2737b5cdd312cbec887d99ef15d', '5VSqSiMz865dFXnhhj2fgj'),
('7FIWs0pqAYbP91WWM0vlTQ', '2021-12-15 16:09:38', 'Godzilla (feat. Juice WRLD)', 'https://i.scdn.co/image/ab67616d0000b2732f44aec83b20e40f3baef73c', '4otkd9As6YaxxEkIjXPiZ6'),
('7g9DNzAU2QP88rE4BgIJpp', '2021-12-08 12:12:18', 'Zim Zimma', 'https://i.scdn.co/image/ab67616d0000b273953123ac7505d0945553732f', '3erY5XSpTKh0GfNf5FJuT2'),
('7Gc9OoiYsUrByC8tzD7kYY', '2021-12-06 16:58:45', 'Nobody Speak', 'https://i.scdn.co/image/ab67616d0000b2730b345678ef9735630f459341', '3OSeqyUWmkngEhQTTkdTSA'),
('7hU3IHwjX150XLoTVmjD0q', '2021-12-06 16:58:45', 'MONEY', 'https://i.scdn.co/image/ab67616d0000b273330f11fb125bb80b760f9e19', '66OYt73mqan1hWa78BhfPd'),
('7KXjTSCq5nL1LoYtL7XAwS', '2021-12-13 14:49:17', 'HUMBLE.', 'https://i.scdn.co/image/ab67616d0000b2738b52c6b9bc4e43d873869699', '4eLPsYPBmXABThSJ821sqY'),
('7lL3MvFWFFSD25pBz72Agj', '2021-12-13 14:49:18', 'A Tale of 2 Citiez', 'https://i.scdn.co/image/ab67616d0000b2736aca031ccc27d2e4dd829d14', '7viNUmZZ8ztn2UB4XB3jIL'),
('7r8lp6nukhNPK9QPC79k30', '2021-12-15 16:09:38', 'Are You Ready?', 'https://i.scdn.co/image/ab67616d0000b273f18370f43f2bb5f066a604e5', '4eXvekh89BNV24q87vjzGp'),
('7sMBvZCSUl99bJLXZaLa0b', '2021-12-06 16:58:45', 'Smokin Out The Window', 'https://i.scdn.co/image/ab67616d0000b273bd5010fd3868c08323bf6d41', '2qLI9pIjubUQMlpdmid2sE'),
('7vGuf3Y35N4wmASOKLUVVU', '2021-12-06 18:29:13', 'Silence', 'https://i.scdn.co/image/ab67616d0000b273f33ba583059dc2f7d08bf2b8', '2bw00gRKNKbTFOqCkohbSh');

CREATE TABLE `trackartist` (
  `TrackId` varchar(255) NOT NULL,
  `ArtistId` varchar(255) NOT NULL
) ENGINE=InnoDB DEFAULT CHARSET=utf8mb4;

INSERT INTO `trackartist` (`TrackId`, `ArtistId`) VALUES
('51Fjme0JiitpyXKuyQiCDo', '6USMTwO0MNDnKte5a5h0xx'),
('51Fjme0JiitpyXKuyQiCDo', '41X1TR6hrK8Q2ZCpp2EqCz'),
('3yfqSUWxFvZELEM4PmlwIR', '7dGJo4pcD2V6oG8kP0tJRR'),
('2fHFLyzAQYlguX5q0DfKlD', '7A0awCXkE1FtSU8B0qwOJQ'),
('2fHFLyzAQYlguX5q0DfKlD', '50co4Is1HCEo8bhOyUWKpn'),
('2fHFLyzAQYlguX5q0DfKlD', '62DmErcU7dqZbJaDqwsqzR'),
('3ydfhgIZIc2j39NLIhpJpq', '5nLYd9ST4Cnwy6NHaCxbj8'),
('40YcuQysJ0KlGQTeGUosTC', '02kJSzxNuaWGqwubyUba0Z'),
('40YcuQysJ0KlGQTeGUosTC', '64M6ah0SkkRsnPGtGiRAbb'),
('7Gc9OoiYsUrByC8tzD7kYY', '5CE2IfdYZEQGIDsfiRm8SI'),
('7Gc9OoiYsUrByC8tzD7kYY', '4RnBFZRiMLRyZy0AzzTg2C'),
('1V4jC0vJ5525lEF1bFgPX2', '3sgFRtyBnxXD5ESfmbK4dl'),
('1V4jC0vJ5525lEF1bFgPX2', '7sfl4Xt5KmfyDs2T3SVSMK'),
('3bC1ahPIYt1btJzSSEyyrF', '0jnsk9HBra6NMjO2oANoPY'),
('0UtnpKaReKUg2GquaSxCyD', '2YZyLoL8N0Wb9xBt1NhZWg'),
('0UtnpKaReKUg2GquaSxCyD', '28ExwzUQsvgJooOI0X1mr3'),
('0JjM9bKm4wrwohMslcm892', '02kJSzxNuaWGqwubyUba0Z'),
('0JjM9bKm4wrwohMslcm892', '2jku7tDXc6XoB6MO2hFuqg'),
('0JjM9bKm4wrwohMslcm892', '5LHRHt1k9lMyONurDHEdrp'),
('4EWCNWgDS8707fNSZ1oaA5', '5K4W6rqBFWDnAN6FQUkS6x'),
('4KUUaKfBqPw1IOitTW3Pba', '6l3HvQ5sa6mXTsMTB19rO5'),
('2Nh2cMryoXl7BrZoIeN2Pr', '6vHBuUxrcpn1do5UaEJ7g6'),
('2Nh2cMryoXl7BrZoIeN2Pr', '3jK9MiCrA42lLAdMGUZpwa'),
('7sMBvZCSUl99bJLXZaLa0b', '0du5cEVh5yTK9QJze8zA0C'),
('7sMBvZCSUl99bJLXZaLa0b', '3jK9MiCrA42lLAdMGUZpwa'),
('7sMBvZCSUl99bJLXZaLa0b', '6PvvGcCY2XtUcSRld1Wilr'),
('7hU3IHwjX150XLoTVmjD0q', '5L1lO4eRHmJ7a0Q6csE5cT'),
('4ZtFanR9U6ndgddUvNcjcG', '1McMsnEElThX1knmY4oliG'),
('6I6NX6tjGsxFAsIfGzY9lJ', '6l3HvQ5sa6mXTsMTB19rO5'),
('1EaKU4dMbesXXd3BrLCtYG', '2YZyLoL8N0Wb9xBt1NhZWg'),
('4at3d5QWnlibMVN75ECDrp', '4IVAbR2w4JJNJDDRFP3E83'),
('4at3d5QWnlibMVN75ECDrp', '6l3HvQ5sa6mXTsMTB19rO5'),
('722tgOgdIbNe3BEyLnejw4', '5K4W6rqBFWDnAN6FQUkS6x'),
('1AgSUWSzmza5jF6ER5R68v', '2LIk90788K0zvyj2JJVwkJ'),
('1AgSUWSzmza5jF6ER5R68v', '2EMAnMvWE2eb56ToJVfCWs'),
('2cnKST6T9qUo2i907lm8zX', '6l3HvQ5sa6mXTsMTB19rO5'),
('4dASQiO1Eoo3RJvt74FtXB', '55Aa2cqylxrFIXC767Z865'),
('4dASQiO1Eoo3RJvt74FtXB', '137W8MRPWKqSmrBGDBFSop'),
('4dASQiO1Eoo3RJvt74FtXB', '53XhwfbYqKCa1cC15pYq2q'),
('4dASQiO1Eoo3RJvt74FtXB', '3NPpFNZtSTHheNBaWC82rB'),
('4dASQiO1Eoo3RJvt74FtXB', '4xRYI6VqpkE3UwrDrAZL8L'),
('4dASQiO1Eoo3RJvt74FtXB', '7c0XG5cIJTrrAgEC3ULPiq'),
('0Fs9cdPDhptWEDJmiCbkEW', '6l3HvQ5sa6mXTsMTB19rO5'),
('0Fs9cdPDhptWEDJmiCbkEW', '3Oim8XBPbznAa8Jj8QzNc8'),
('0Fs9cdPDhptWEDJmiCbkEW', '4vpGVGgxSDcCTmqYbsOnsn'),
('5h5tBFnbcVioFXiOixTn6E', '2YZyLoL8N0Wb9xBt1NhZWg'),
('3iVcZ5G6tvkXZkZKlMpIUs', '2YZyLoL8N0Wb9xBt1NhZWg'),
('0N3W5peJUQtI4eyR6GJT5O', '2YZyLoL8N0Wb9xBt1NhZWg'),
('3l6lmZCaZdnc90MI2BktqP', '6l3HvQ5sa6mXTsMTB19rO5'),
('7vGuf3Y35N4wmASOKLUVVU', '64KEffDW9EtZ1y2vBYgq8T'),
('7vGuf3Y35N4wmASOKLUVVU', '6LuN9FCkKOj5PcnpouEgny'),
('1jaTQ3nqY3oAAYyCTbIvnM', '2LIk90788K0zvyj2JJVwkJ'),
('7dt6x5M1jzdTEt8oCbisTK', '246dkjvS1zLTtiykXe5h60'),
('0yruV4sUwyczq5cxMRRljU', '2kCO8LXN1usaOPL3iEE28I'),
('3oLe5ZILASG8vU5dxIMfLY', '6fOMl44jA4Sp5b9PpYCkzz'),
('1SC5rEoYDGUK4NfG82494W', '7jVv8c5Fj3E9VhNjxT4snq'),
('3MWlVSkoLS1e66nlZ2tuWJ', '6l3HvQ5sa6mXTsMTB19rO5'),
('2Yer0p7uB2lVBUAtANuuQp', '5UjifI1TYefXWn9GdqDOHl'),
('2Yer0p7uB2lVBUAtANuuQp', '6icQOAFXDZKsumw3YXyusw'),
('27NovPIUIRrOZoCHxABJwK', '7jVv8c5Fj3E9VhNjxT4snq'),
('27NovPIUIRrOZoCHxABJwK', '2LIk90788K0zvyj2JJVwkJ'),
('33QXHN1SzNgHIRPr7qYknV', '2tIP7SsRs7vjIcLrU85W8J'),
('1AT4xjNarTswd0UZ5FlmKF', '6l3HvQ5sa6mXTsMTB19rO5'),
('1BR5vhAlaoUiijQ28p6jlN', '2YZyLoL8N0Wb9xBt1NhZWg'),
('0JP9xo3adEtGSdUEISiszL', '15UsOTVnJzReFVN1VCnxy4'),
('6N22FZs2ZhPBYi3b9XPajV', '2feDdbD5araYcm6JhFHHw7'),
('2gZUPNdnz5Y45eiGxpHGSc', '5K4W6rqBFWDnAN6FQUkS6x'),
('192RjH0gN6en7nE6ElN96T', '6AgTAQt8XS6jRWi4sX7w49'),
('192RjH0gN6en7nE6ElN96T', '07d5etnpjriczFBB8pxmRe'),
('3iXP0G94qFZiXgZGZb2i5R', '6EPlBSH2RSiettczlz7ihV'),
('5HQVUIKwCEXpe7JIHyY734', '7hJcb9fa4alzcOq3EaNPoG'),
('5HQVUIKwCEXpe7JIHyY734', '137W8MRPWKqSmrBGDBFSop'),
('5HQVUIKwCEXpe7JIHyY734', '0du5cEVh5yTK9QJze8zA0C'),
('6xRsvyeB6omCCYdl7QSZes', '5XDJlfdfbGNJrOJJNxTcdq'),
('2JvzF1RMd7lE3KmFlsyZD8', '6l3HvQ5sa6mXTsMTB19rO5'),
('2KMPEI406H9G8UqiWDfuTK', '6EPlBSH2RSiettczlz7ihV'),
('2KMPEI406H9G8UqiWDfuTK', '1tG7s7S4sq2eFFW0QZyLbm'),
('1IeCWMwZs4rCmwPOjZYWN7', '67nwj3Y5sZQLl72VNUHEYE'),
('1IeCWMwZs4rCmwPOjZYWN7', '6l3HvQ5sa6mXTsMTB19rO5'),
('1IeCWMwZs4rCmwPOjZYWN7', '2PsjBHyb950JI7BHXY10TD'),
('7g9DNzAU2QP88rE4BgIJpp', '6C1ohJrd5VydigQtaGy5Wa'),
('4jTiyLlOJVJj3mCr7yfPQD', '7iZtZyCzp3LItcw1wtPI3D'),
('0zO8ctW0UiuOefR87OeJOZ', '5IcR3N7QB1j6KBL8eImZ8m'),
('0zO8ctW0UiuOefR87OeJOZ', '2YZyLoL8N0Wb9xBt1NhZWg'),
('7b4ky1LlQLFhXHmhZkFgqV', '4Xi6LSfFqv26XgP9NKN26U'),
('1PS1QMdUqOal0ai3Gt7sDQ', '5K4W6rqBFWDnAN6FQUkS6x'),
('1PS1QMdUqOal0ai3Gt7sDQ', '7LnaAXbDVIL75IVPnndf7w'),
('3CRDbSIZ4r5MsZ0YwxuEkn', '3YQKmKGau1PzlVlkL1iodx'),
('4jPy3l0RUwlUI9T5XHBW2m', '6fWVd57NKTalqvmjRd2t8Z'),
('4jPy3l0RUwlUI9T5XHBW2m', '6ASri4ePR7RlsvIQgWPJpS'),
('1zKOagmkCtXuGmCivG8HZE', '1XlLhtgJjC4ROQZilBZAvw'),
('1W7zkKgRv9mrLbfdQ8XyH3', '0cGUm45nv7Z6M6qdXYQGTX'),
('4TlbZgqxhJ6uN3tpVyjw90', '5WUlDfRSoLAfcVSX1WnrxN'),
('4TlbZgqxhJ6uN3tpVyjw90', '5fMUXHkw8R8eOP2RNVYEZX'),
('4TlbZgqxhJ6uN3tpVyjw90', '2feDdbD5araYcm6JhFHHw7'),
('4TlbZgqxhJ6uN3tpVyjw90', '6IZ4ctovY9dl7bgHClAvKJ'),
('4TlbZgqxhJ6uN3tpVyjw90', '55Aa2cqylxrFIXC767Z865'),
('5tz69p7tJuGPeMGwNTxYuV', '4xRYI6VqpkE3UwrDrAZL8L'),
('5tz69p7tJuGPeMGwNTxYuV', '2wUjUUtkb5lvLKcGKsKqsR'),
('5tz69p7tJuGPeMGwNTxYuV', '6LuN9FCkKOj5PcnpouEgny'),
('7FdPNzOaG7FnIXiFm53cq4', '7MNEVabc4cs19CbzAFZmXz'),
('7FdPNzOaG7FnIXiFm53cq4', '2QOP6zKx1d0gGEtuuXOvJ3'),
('7KXjTSCq5nL1LoYtL7XAwS', '2YZyLoL8N0Wb9xBt1NhZWg'),
('5zpcSMzRsQlfoRcwD8h0uj', '7pGyQZx9thVa8GxMBeXscB'),
('5zpcSMzRsQlfoRcwD8h0uj', '4dVRITwfej74WkmNpgYVPb'),
('43jBqV3j3Xi1g6wO0bhIMd', '6d47Z08T4snK50HgTEHo5Z'),
('3DR7shAbkNyqgZjYnHZLh2', '2LIk90788K0zvyj2JJVwkJ'),
('4VXIryQMWpIdGgYR4TrjT1', '4MCBfE4596Uoi2O4DtmEMz'),
('2DjLLLV2r88a8TO0hVTVrS', '1iNqsUDUraNWrj00bqssQG'),
('2DjLLLV2r88a8TO0hVTVrS', '6U3ybJ9UHNKEdsH7ktGBZ7'),
('2DjLLLV2r88a8TO0hVTVrS', '6l3HvQ5sa6mXTsMTB19rO5'),
('2DjLLLV2r88a8TO0hVTVrS', '68kEuyFKyqrdQQLLsmiatm'),
('3owESnQzGKXJhdZQDdXppK', '085pc2PYOi8bGKj0PNjekA'),
('3U21A07gAloCc4P7J8rxcn', '5K4W6rqBFWDnAN6FQUkS6x'),
('57VeLYXrvNxe8Vs18K2M9W', '2LIk90788K0zvyj2JJVwkJ'),
('57VeLYXrvNxe8Vs18K2M9W', '0c173mlxpT3dSFRgMO8XPh'),
('2IT0T0EqPaUxasjl2o8J2G', '0eDvMgVFoNV3TpwtrVCoTj'),
('2ygMBIctKIAfbEBcT9065L', '1yxSLGMDHlW21z4YXirZDS'),
('5TvLB4zBOFWHcnDoWVI4Mw', '7lDkWxhwIuRAIzmHf85yKx'),
('5TvLB4zBOFWHcnDoWVI4Mw', '3z3g65U7mmyyBmmDfsQK9x'),
('5TvLB4zBOFWHcnDoWVI4Mw', '2FT75iYuWmycqYrXbVD9cn'),
('01VGA34ATxwp0Xo1ldduo2', '6l3HvQ5sa6mXTsMTB19rO5'),
('4gkl7QbQvBd3TM9PhlWFkI', '6l3HvQ5sa6mXTsMTB19rO5'),
('1HNs07uZxZniPNmniw2GTa', '6l3HvQ5sa6mXTsMTB19rO5'),
('30Chv2SmIry70YwtmtaKnj', '6l3HvQ5sa6mXTsMTB19rO5'),
('62vpWI1CHwFy7tMIcSStl8', '6l3HvQ5sa6mXTsMTB19rO5'),
('16qYlQ6koFxYVbiJbGHblz', '6l3HvQ5sa6mXTsMTB19rO5'),
('4qRjfovbhI4EwP7VQNfxVW', '6l3HvQ5sa6mXTsMTB19rO5'),
('4Tjh34RS4ACZ6f6srlDBg8', '6l3HvQ5sa6mXTsMTB19rO5'),
('7lL3MvFWFFSD25pBz72Agj', '6l3HvQ5sa6mXTsMTB19rO5'),
('4txn9qnwK3ILQqv5oq2mO3', '6l3HvQ5sa6mXTsMTB19rO5'),
('6NyhBA9M6KK0fuVsojxL00', '6l3HvQ5sa6mXTsMTB19rO5'),
('4YwNf1fLZt9IQhJeHNWfBi', '6l3HvQ5sa6mXTsMTB19rO5'),
('25zlnOAzbVoOzIeXSvQFf1', '0eDvMgVFoNV3TpwtrVCoTj'),
('0LJDFZohBgWOMvXQw0cc9W', '07Asx51VtMw5kbNXKrpZlq'),
('5lw8Mgb4LyhriPIC86gV6e', '0huGjMyP507tBCARyzSkrv'),
('5lw8Mgb4LyhriPIC86gV6e', '3jK9MiCrA42lLAdMGUZpwa'),
('0Y7di9ZCmB6Elad5WISaPc', '55Aa2cqylxrFIXC767Z865'),
('2PpruBYCo4H7WOBJ7Q2EwM', '1G9G7WwrXka3Z1r7aIDjI7'),
('4TIqzdAssasqx3DAe6cG9J', '6C1ohJrd5VydigQtaGy5Wa'),
('4TIqzdAssasqx3DAe6cG9J', '5f7VJjfbwm532GiveGC0ZK'),
('3PdcxgzpWzAsUGgkmykIFc', '2YOYua8FpudSEiB9s88IgQ'),
('3PdcxgzpWzAsUGgkmykIFc', '41X1TR6hrK8Q2ZCpp2EqCz'),
('794IGyga5qnhlzOUimLOMw', '3Wcyta3gkOdQ4TfY0WyZpu'),
('285pBltuF7vW8TeWk8hdRR', '4MCBfE4596Uoi2O4DtmEMz'),
('7r8lp6nukhNPK9QPC79k30', '33r8rPgsHXfVN1r3adlrWw'),
('54yT3t8hSaJUvdHer3ZaB1', '0qpRQJnULShIWFKhcW5pce'),
('4LaCk8mWMThcp3yg2Lej0z', '0qpRQJnULShIWFKhcW5pce'),
('7FIWs0pqAYbP91WWM0vlTQ', '7dGJo4pcD2V6oG8kP0tJRR'),
('7FIWs0pqAYbP91WWM0vlTQ', '4MCBfE4596Uoi2O4DtmEMz'),
('7e5z8Set6bsGDh8KIsZnoX', '70gP6Ry4Uo0Yx6uzPIdaiJ'),
('7e5z8Set6bsGDh8KIsZnoX', '1iNqsUDUraNWrj00bqssQG'),
('4r9hiElqKWMPT4Z3vN2exq', '6kXm2YCtdUOpRYNKeKhfue'),
('4r9hiElqKWMPT4Z3vN2exq', '68Uwx1d3EbjDJhYsLjqvIq'),
('08QaHlMPWuO5PUxjl61bXn', '03GruNQP8X25PCoWzdvIGZ'),
('36J0iaPDGbYGsHvYpaYs3k', '1iNqsUDUraNWrj00bqssQG'),
('36J0iaPDGbYGsHvYpaYs3k', '6U3ybJ9UHNKEdsH7ktGBZ7'),
('36J0iaPDGbYGsHvYpaYs3k', '70gP6Ry4Uo0Yx6uzPIdaiJ'),
('36J0iaPDGbYGsHvYpaYs3k', '6l3HvQ5sa6mXTsMTB19rO5'),
('36J0iaPDGbYGsHvYpaYs3k', '5MbNzCW3qokGyoo9giHA3V'),
('36J0iaPDGbYGsHvYpaYs3k', '5yPzzu25VzEk8qrGTLIrE1'),
('5Hc35BziLaXfLebKmds2FV', '1ShZZUjkbXCjhwrb18BA8I'),
('5Hc35BziLaXfLebKmds2FV', '5lCekoJW9jNq01B1wiqdAb'),
('5wfyoR8XOkw45QRtFOoxyi', '6Ip8FS7vWT1uKkJSweANQK'),
('6Ius4TC0L3cN74HT7ENE6e', '6l3HvQ5sa6mXTsMTB19rO5'),
('3GVkPk8mqxz0itaAriG1L7', '15UsOTVnJzReFVN1VCnxy4'),
('2DTpP3caqX3QdJIEoS83mD', '6C1ohJrd5VydigQtaGy5Wa'),
('2DTpP3caqX3QdJIEoS83mD', '6l3HvQ5sa6mXTsMTB19rO5'),
('1ZdhOMWyFR8Iv9eylMGYg2', '2feDdbD5araYcm6JhFHHw7'),
('34BGMLybIR9qEHYS8aiVnQ', '66XvhENR7AEwichiZYuiFu');

CREATE TABLE `user` (
  `Id` varchar(85) NOT NULL,
  `CreationDate` datetime DEFAULT NULL,
  `Name` varchar(255) DEFAULT NULL,
  `Email` varchar(255) DEFAULT NULL,
  `HasSetupSpotifyConnection` tinyint(1) DEFAULT NULL,
  `SpotifyConnectionSetAt` bigint(20) DEFAULT NULL
) ENGINE=InnoDB DEFAULT CHARSET=utf8mb4;

INSERT INTO `user` (`Id`, `CreationDate`, `Name`, `Email`, `HasSetupSpotifyConnection`, `SpotifyConnectionSetAt`) VALUES
('11276d3e-5252-4006-b54c-46bcd750b324', '2021-12-13 13:04:26', '123', '123@gmail.com', 0, 0),
('77f9c419-e9f0-4d48-8d1e-5d0cbee36801', '2021-10-16 14:54:25', 'admin', 'fontys.musix@gmail.com', 1, 1635724800000),
('895864ed-87a9-4649-bc96-2bfdeb5470a0', '2021-10-20 12:33:14', 'Test', 'ruben.otter3@gmail.com', 0, NULL),
('f5121493-543b-41fb-a8c7-a7a933daf035', '2021-10-18 22:55:32', 'Ruben', '462404@student.fontys.nl', 0, NULL);


ALTER TABLE `album`
  ADD PRIMARY KEY (`Id`);

ALTER TABLE `artist`
  ADD PRIMARY KEY (`Id`);

ALTER TABLE `scrobble`
  ADD PRIMARY KEY (`Id`),
  ADD KEY `TrackId` (`TrackId`),
  ADD KEY `UserId` (`UserId`);

ALTER TABLE `track`
  ADD PRIMARY KEY (`Id`),
  ADD KEY `AlbumId` (`AlbumId`);

ALTER TABLE `trackartist`
  ADD KEY `ArtistId` (`ArtistId`),
  ADD KEY `TrackId` (`TrackId`),
  ADD KEY `ArtistId_2` (`ArtistId`);

ALTER TABLE `user`
  ADD PRIMARY KEY (`Id`);


ALTER TABLE `scrobble`
  ADD CONSTRAINT `FK_6441DAFB` FOREIGN KEY (`TrackId`) REFERENCES `track` (`Id`),
  ADD CONSTRAINT `FK_DEB60DF` FOREIGN KEY (`UserId`) REFERENCES `user` (`Id`);

ALTER TABLE `track`
  ADD CONSTRAINT `FK_84F16688` FOREIGN KEY (`AlbumId`) REFERENCES `album` (`Id`);

ALTER TABLE `trackartist`
  ADD CONSTRAINT `FK_402A4377` FOREIGN KEY (`ArtistId`) REFERENCES `artist` (`Id`),
  ADD CONSTRAINT `FK_FA5BD5B8` FOREIGN KEY (`TrackId`) REFERENCES `track` (`Id`);
DROP DATABASE IF EXISTS `musix_identity`;
CREATE DATABASE IF NOT EXISTS `musix_identity` DEFAULT CHARACTER SET utf8mb4 COLLATE utf8mb4_general_ci;
USE `musix_identity`;

CREATE TABLE `aspnetroleclaims` (
  `Id` int(11) NOT NULL,
  `RoleId` varchar(85) NOT NULL,
  `ClaimType` longtext DEFAULT NULL,
  `ClaimValue` longtext DEFAULT NULL
) ENGINE=InnoDB DEFAULT CHARSET=utf8mb4;

CREATE TABLE `aspnetroles` (
  `Id` varchar(85) NOT NULL,
  `Name` varchar(256) DEFAULT NULL,
  `NormalizedName` varchar(85) DEFAULT NULL,
  `ConcurrencyStamp` longtext DEFAULT NULL
) ENGINE=InnoDB DEFAULT CHARSET=utf8mb4;

INSERT INTO `aspnetroles` (`Id`, `Name`, `NormalizedName`, `ConcurrencyStamp`) VALUES
('35329437-9888-4243-bc94-dca016d2053a', 'general', 'GENERAL', 'be98af51-0818-4f5c-88be-6ac3333cdd81'),
('df943ce0-b4fa-46c4-ac8a-c82bbb0346cb', 'administrator', 'ADMINISTRATOR', '34c015c2-3269-4feb-afe8-22e936850af4');

CREATE TABLE `aspnetuserclaims` (
  `Id` int(11) NOT NULL,
  `UserId` varchar(85) NOT NULL,
  `ClaimType` longtext DEFAULT NULL,
  `ClaimValue` longtext DEFAULT NULL
) ENGINE=InnoDB DEFAULT CHARSET=utf8mb4;

CREATE TABLE `aspnetuserlogins` (
  `LoginProvider` varchar(85) NOT NULL,
  `ProviderKey` varchar(85) NOT NULL,
  `ProviderDisplayName` longtext DEFAULT NULL,
  `UserId` varchar(85) NOT NULL
) ENGINE=InnoDB DEFAULT CHARSET=utf8mb4;

CREATE TABLE `aspnetuserroles` (
  `UserId` varchar(85) NOT NULL,
  `RoleId` varchar(85) NOT NULL
) ENGINE=InnoDB DEFAULT CHARSET=utf8mb4;

INSERT INTO `aspnetuserroles` (`UserId`, `RoleId`) VALUES
('11276d3e-5252-4006-b54c-46bcd750b324', '35329437-9888-4243-bc94-dca016d2053a'),
('77f9c419-e9f0-4d48-8d1e-5d0cbee36801', 'df943ce0-b4fa-46c4-ac8a-c82bbb0346cb'),
('895864ed-87a9-4649-bc96-2bfdeb5470a0', '35329437-9888-4243-bc94-dca016d2053a'),
('f5121493-543b-41fb-a8c7-a7a933daf035', '35329437-9888-4243-bc94-dca016d2053a');

CREATE TABLE `aspnetusers` (
  `Id` varchar(85) NOT NULL,
  `UserName` varchar(256) DEFAULT NULL,
  `NormalizedUserName` varchar(85) DEFAULT NULL,
  `Email` varchar(256) DEFAULT NULL,
  `NormalizedEmail` varchar(85) DEFAULT NULL,
  `EmailConfirmed` tinyint(1) NOT NULL,
  `PasswordHash` longtext DEFAULT NULL,
  `SecurityStamp` longtext DEFAULT NULL,
  `ConcurrencyStamp` longtext DEFAULT NULL,
  `PhoneNumber` longtext DEFAULT NULL,
  `PhoneNumberConfirmed` tinyint(1) NOT NULL,
  `TwoFactorEnabled` tinyint(1) NOT NULL,
  `LockoutEnd` datetime(6) DEFAULT NULL,
  `LockoutEnabled` tinyint(1) NOT NULL,
  `AccessFailedCount` int(11) NOT NULL
) ENGINE=InnoDB DEFAULT CHARSET=utf8mb4;

INSERT INTO `aspnetusers` (`Id`, `UserName`, `NormalizedUserName`, `Email`, `NormalizedEmail`, `EmailConfirmed`, `PasswordHash`, `SecurityStamp`, `ConcurrencyStamp`, `PhoneNumber`, `PhoneNumberConfirmed`, `TwoFactorEnabled`, `LockoutEnd`, `LockoutEnabled`, `AccessFailedCount`) VALUES
('11276d3e-5252-4006-b54c-46bcd750b324', '123', '123', '123@gmail.com', '123@GMAIL.COM', 0, 'AQAAAAEAACcQAAAAEKPGyuPpC7CSOcL7TdAlXs7OvS6TH5DflNTuZryqhMrAdoL4Ch77TX3eqzRSRzUUxw==', 'VCKPHEBZ745L3L2AQQTICP7XKTOURZBV', 'eb4f6610-6d5a-4596-a1d1-6831413200be', NULL, 0, 0, NULL, 1, 0),
('77f9c419-e9f0-4d48-8d1e-5d0cbee36801', 'admin', 'ADMIN', 'fontys.musix@gmail.com', 'FONTYS.MUSIX@GMAIL.COM', 0, 'AQAAAAEAACcQAAAAEE4MNbGYdgpxuXeROpJ37tV4vMiaYfmm8OD3V0oxIwlweUbz8URsIO2FqFlbjRnpYQ==', 'BZKXSPNQ2MT5DYSMGYACKPQZQ55F7M3X', 'a41cb7b2-9993-43a4-9d78-14a89ad8723e', NULL, 0, 0, NULL, 1, 0),
('895864ed-87a9-4649-bc96-2bfdeb5470a0', 'Test', 'TEST', 'ruben.otter3@gmail.com', 'RUBEN.OTTER3@GMAIL.COM', 0, 'AQAAAAEAACcQAAAAELpj8C8ShlNbw5SEPUWQVnER5P8x/9wdQR6txy2JPLFynNdavARKm/ccSTVpXMML4A==', '4QEAA2NOQ4BZOCRLCOBOC3KSPA35CBSD', '84b46afc-55fb-4bb4-9f67-53f4bcac30a7', NULL, 0, 0, NULL, 1, 0),
('f5121493-543b-41fb-a8c7-a7a933daf035', 'Ruben', 'RUBEN', '462404@student.fontys.nl', '462404@STUDENT.FONTYS.NL', 0, 'AQAAAAEAACcQAAAAECCpTFjgGnAgdS3EWi1nWxBCEksxUzkcY1ZVwgh9epTQE1GjiagnpyvF36yh6Fnd/g==', '6WQDPXX6UOD7PRXRBOWSOHASEMTMIFPG', 'f1a546cc-99fd-4970-9098-8adf60095b5f', NULL, 0, 0, NULL, 1, 0);

CREATE TABLE `aspnetusertokens` (
  `UserId` varchar(85) NOT NULL,
  `LoginProvider` varchar(85) NOT NULL,
  `Name` varchar(85) NOT NULL,
  `Value` longtext DEFAULT NULL
) ENGINE=InnoDB DEFAULT CHARSET=utf8mb4;

CREATE TABLE `__efmigrationshistory` (
  `MigrationId` varchar(150) NOT NULL,
  `ProductVersion` varchar(32) NOT NULL
) ENGINE=InnoDB DEFAULT CHARSET=utf8mb4;

INSERT INTO `__efmigrationshistory` (`MigrationId`, `ProductVersion`) VALUES
('20211015193646_Initialize', '5.0.11');


ALTER TABLE `aspnetroleclaims`
  ADD PRIMARY KEY (`Id`),
  ADD KEY `IX_AspNetRoleClaims_RoleId` (`RoleId`);

ALTER TABLE `aspnetroles`
  ADD PRIMARY KEY (`Id`),
  ADD UNIQUE KEY `RoleNameIndex` (`NormalizedName`);

ALTER TABLE `aspnetuserclaims`
  ADD PRIMARY KEY (`Id`),
  ADD KEY `IX_AspNetUserClaims_UserId` (`UserId`);

ALTER TABLE `aspnetuserlogins`
  ADD PRIMARY KEY (`LoginProvider`,`ProviderKey`),
  ADD KEY `IX_AspNetUserLogins_UserId` (`UserId`);

ALTER TABLE `aspnetuserroles`
  ADD PRIMARY KEY (`UserId`,`RoleId`),
  ADD KEY `IX_AspNetUserRoles_RoleId` (`RoleId`);

ALTER TABLE `aspnetusers`
  ADD PRIMARY KEY (`Id`),
  ADD UNIQUE KEY `UserNameIndex` (`NormalizedUserName`),
  ADD KEY `EmailIndex` (`NormalizedEmail`);

ALTER TABLE `aspnetusertokens`
  ADD PRIMARY KEY (`UserId`,`LoginProvider`,`Name`);

ALTER TABLE `__efmigrationshistory`
  ADD PRIMARY KEY (`MigrationId`);


ALTER TABLE `aspnetroleclaims`
  MODIFY `Id` int(11) NOT NULL AUTO_INCREMENT;

ALTER TABLE `aspnetuserclaims`
  MODIFY `Id` int(11) NOT NULL AUTO_INCREMENT;


ALTER TABLE `aspnetroleclaims`
  ADD CONSTRAINT `FK_AspNetRoleClaims_AspNetRoles_RoleId` FOREIGN KEY (`RoleId`) REFERENCES `aspnetroles` (`Id`) ON DELETE CASCADE;

ALTER TABLE `aspnetuserclaims`
  ADD CONSTRAINT `FK_AspNetUserClaims_AspNetUsers_UserId` FOREIGN KEY (`UserId`) REFERENCES `aspnetusers` (`Id`) ON DELETE CASCADE;

ALTER TABLE `aspnetuserlogins`
  ADD CONSTRAINT `FK_AspNetUserLogins_AspNetUsers_UserId` FOREIGN KEY (`UserId`) REFERENCES `aspnetusers` (`Id`) ON DELETE CASCADE;

ALTER TABLE `aspnetuserroles`
  ADD CONSTRAINT `FK_AspNetUserRoles_AspNetRoles_RoleId` FOREIGN KEY (`RoleId`) REFERENCES `aspnetroles` (`Id`) ON DELETE CASCADE,
  ADD CONSTRAINT `FK_AspNetUserRoles_AspNetUsers_UserId` FOREIGN KEY (`UserId`) REFERENCES `aspnetusers` (`Id`) ON DELETE CASCADE;

ALTER TABLE `aspnetusertokens`
  ADD CONSTRAINT `FK_AspNetUserTokens_AspNetUsers_UserId` FOREIGN KEY (`UserId`) REFERENCES `aspnetusers` (`Id`) ON DELETE CASCADE;
COMMIT;

/*!40101 SET CHARACTER_SET_CLIENT=@OLD_CHARACTER_SET_CLIENT */;
/*!40101 SET CHARACTER_SET_RESULTS=@OLD_CHARACTER_SET_RESULTS */;
/*!40101 SET COLLATION_CONNECTION=@OLD_COLLATION_CONNECTION */;
